"","size","sizecount","score"
"1027","Medium",500,60.4579830516517
"257","Large",500,60.3947963178959
"1852","Small",750,53.5960869845755
"1199","Medium",500,51.0833161911374
"2473","VerySmall",500,38.8284270469767
"2494","VerySmall",500,43.050155551937
"81","VeryLarge",250,71.4324622160397
"1896","Small",750,49.0164901947834
"1688","Small",750,63.8488605631416
"2434","VerySmall",500,46.1333826862363
"1368","Small",750,53.4659174699498
"1853","Small",750,47.4362554735846
"1376","Small",750,53.4786548463834
"451","Large",500,57.0332809136386
"52","VeryLarge",250,69.3965855128385
"822","Medium",500,61.3452687676504
"255","Large",500,57.1135314991042
"1473","Small",750,53.183816122707
"1856","Small",750,42.4123467291602
"1893","Small",750,47.8150398643514
"525","Large",500,62.9568003210656
"1829","Small",750,57.6862545723659
"2083","VerySmall",500,46.2206219539431
"2268","VerySmall",500,47.5493641115412
"2274","VerySmall",500,57.3608437321359
"1747","Small",750,48.5227114748162
"1013","Medium",500,60.1210747180306
"1952","Small",750,51.6948645019837
"1404","Small",750,46.5165058909702
"961","Medium",500,58.0096153636707
"488","Large",500,59.5919458166657
"1885","Small",750,46.9168266020386
"1571","Small",750,53.9944772075542
"824","Medium",500,54.4908112220467
"1939","Small",750,52.5991902586509
"2271","VerySmall",500,52.2067914116309
"1086","Medium",500,64.4732818821268
"1836","Small",750,55.8330371964365
"2024","VerySmall",500,50.1283907619493
"2323","VerySmall",500,46.2835287004379
"1476","Small",750,46.9581846257105
"1056","Medium",500,50.223159549407
"529","Large",500,57.8214916626502
"1336","Small",750,55.4542350497436
"560","Large",500,54.7418551445883
"933","Medium",500,53.290348675767
"305","Large",500,63.8362689818794
"1158","Medium",500,47.8649095282098
"2001","VerySmall",500,54.3028092085608
"1151","Medium",500,51.697818209298
"484","Large",500,64.5480831361812
"115","VeryLarge",250,66.785221272886
"644","Large",500,61.5288340430878
"2344","VerySmall",500,56.0665017054559
"191","VeryLarge",250,64.4269806491124
"76","VeryLarge",250,58.2560650994266
"896","Medium",500,53.40116728371
"1416","Small",750,48.5933670661805
"2450","VerySmall",500,41.1483244764487
"1621","Small",750,52.2060751762105
"417","Large",500,59.8333135986448
"1460","Small",750,43.3086852739543
"1699","Small",750,56.0709850692257
"959","Medium",500,58.4816886866155
"703","Large",500,54.9967205776937
"916","Medium",500,45.863112023031
"1691","Small",750,53.9859549760992
"256","Large",500,62.6708219117775
"1649","Small",750,42.3367189966911
"1727","Small",750,50.2940142305963
"578","Large",500,57.856519173833
"1048","Medium",500,52.5678859917346
"169","VeryLarge",250,65.9365642979022
"1912","Small",750,42.8589501926487
"1801","Small",750,57.844636728145
"1205","Medium",500,49.5791429975241
"691","Large",500,61.9645768053832
"1525","Small",750,50.8018686508088
"694","Large",500,53.2352325788661
"1088","Medium",500,55.1633103113215
"2358","VerySmall",500,43.0075685871915
"245","VeryLarge",250,61.9670608779969
"2172","VerySmall",500,54.9220038487042
"1304","Small",750,50.4711056948278
"346","Large",500,57.3655016105892
"411","Large",500,62.0690467002715
"2206","VerySmall",500,55.5291616233547
"685","Large",500,67.1598993251796
"334","Large",500,56.9848317496435
"2130","VerySmall",500,52.8283135498299
"1439","Small",750,55.3191834762269
"1003","Medium",500,53.0545283690601
"2211","VerySmall",500,52.7906241331615
"741","Large",500,56.0043173729731
"1973","Small",750,40.0698822681553
"340","Large",500,59.3246638939639
"1721","Small",750,60.5822294724
"2325","VerySmall",500,51.4019138344101
"489","Large",500,60.4502963035436
"2056","VerySmall",500,45.1296708759492
"990","Medium",500,60.0213365016547
"1639","Small",750,50.4693344894578
"1463","Small",750,59.424601177834
"259","Large",500,64.6131830284662
"55","VeryLarge",250,65.6975520300804
"2222","VerySmall",500,52.0654741397906
"1499","Small",750,46.1969870497959
"1989","Small",750,61.7982124562997
"349","Large",500,54.9908227564515
"2064","VerySmall",500,51.2934378948941
"798","Medium",500,47.4841553493785
"950","Medium",500,59.8408961083723
"195","VeryLarge",250,63.5425365010026
"1847","Small",750,54.0957307336702
"1540","Small",750,46.7254352022393
"1752","Small",750,43.3820581888898
"2225","VerySmall",500,49.8190266579988
"453","Large",500,46.6692574416344
"1635","Small",750,44.0359348221468
"853","Medium",500,51.2423005878081
"1642","Small",750,58.0898501336985
"1863","Small",750,48.0171280333854
"709","Large",500,59.1450331833823
"248","VeryLarge",250,65.0324435505778
"1265","Small",750,56.5633916665468
"2401","VerySmall",500,43.8246671198077
"918","Medium",500,57.6786824448299
"1971","Small",750,39.8607223650179
"834","Medium",500,57.6033281956121
"306","Large",500,61.6643861487889
"1647","Small",750,46.1207042791604
"227","VeryLarge",250,61.8716029459906
"809","Medium",500,58.6487969658777
"1932","Small",750,51.0761896394417
"1996","Small",750,48.5401193855643
"2254","VerySmall",500,52.5574185225848
"1783","Small",750,51.0596508724869
"377","Large",500,59.5442050959768
"1569","Small",750,50.0031331561234
"1807","Small",750,46.7648569574495
"2023","VerySmall",500,42.6051940618299
"1193","Medium",500,57.3856686257777
"1253","Small",750,60.0205363228902
"2441","VerySmall",500,49.1065806322166
"2266","VerySmall",500,43.6179038429963
"1124","Medium",500,54.3127597840519
"2341","VerySmall",500,48.0929737439524
"1430","Small",750,55.3321913833999
"1889","Small",750,45.9654058129059
"2095","VerySmall",500,47.1720613906653
"1679","Small",750,49.0451692126734
"153","VeryLarge",250,65.8316642217169
"1604","Small",750,53.695113205546
"429","Large",500,48.8223706289903
"1091","Medium",500,60.6323407004757
"586","Large",500,64.8863904477439
"501","Large",500,62.8676691906848
"209","VeryLarge",250,69.8760338403013
"336","Large",500,62.424394340107
"728","Large",500,49.3742649441785
"562","Large",500,49.9591424211723
"924","Medium",500,58.8045319768888
"1475","Small",750,50.1471686797128
"868","Medium",500,57.8022377567188
"1340","Small",750,45.2709743288288
"801","Medium",500,49.0350916489681
"1788","Small",750,44.8855033420003
"1273","Small",750,56.6249133201028
"1218","Medium",500,45.227426365754
"573","Large",500,58.942358344266
"1241","Medium",500,54.3057300156141
"1849","Small",750,50.3379838692391
"638","Large",500,57.9052023552781
"2180","VerySmall",500,57.8528852314394
"647","Large",500,63.4319133428287
"1398","Small",750,42.6031828980738
"131","VeryLarge",250,65.7814753976992
"326","Large",500,59.7586589766828
"2470","VerySmall",500,53.8017029309978
"1006","Medium",500,47.5842226289393
"534","Large",500,63.3365806522651
"109","VeryLarge",250,65.1237793567075
"754","Medium",500,48.4140144406922
"40","VeryLarge",250,61.3333978275501
"155","VeryLarge",250,69.2206641834241
"1254","Small",750,43.1140071949408
"75","VeryLarge",250,66.2104114372801
"1280","Small",750,48.2263080571868
"2300","VerySmall",500,45.1158751655885
"1327","Small",750,50.6768604711816
"1004","Medium",500,55.2653589906243
"1761","Small",750,53.157014699779
"2236","VerySmall",500,44.9613881289389
"852","Medium",500,53.3043370609806
"1534","Small",750,53.3552277298383
"886","Medium",500,55.8499154815781
"1945","Small",750,49.035937195812
"252","Large",500,59.2140982597677
"1162","Medium",500,48.0961917703064
"1792","Small",750,47.0481601099112
"312","Large",500,59.041900893862
"2365","VerySmall",500,53.2243149715744
"402","Large",500,58.6559837327526
"9","VeryLarge",250,67.5706133868959
"939","Medium",500,61.3005277249404
"371","Large",500,53.9097930875433
"2392","VerySmall",500,46.2630153419091
"2247","VerySmall",500,50.3359527157222
"526","Large",500,59.8412272987241
"382","Large",500,53.7477745711003
"1564","Small",750,46.2070920638432
"28","VeryLarge",250,67.554938587106
"302","Large",500,51.9204089985339
"316","Large",500,65.2207559218075
"1270","Small",750,43.7731450995961
"452","Large",500,64.5473620981037
"663","Large",500,51.7129323118633
"2475","VerySmall",500,39.8224994765284
"1953","Small",750,48.6292724218316
"1431","Small",750,47.3333407845691
"444","Large",500,56.25711275059
"332","Large",500,56.9123755075306
"2428","VerySmall",500,49.1552781451401
"1026","Medium",500,52.6092247907632
"2453","VerySmall",500,58.4837598494117
"829","Medium",500,44.1549755875206
"1880","Small",750,46.5553594031143
"2075","VerySmall",500,53.8573511845651
"1930","Small",750,50.1955669322365
"519","Large",500,65.4062096387766
"718","Large",500,64.4516104875989
"35","VeryLarge",250,63.9760425270443
"1208","Medium",500,55.0999534869393
"276","Large",500,60.9262694805656
"1240","Medium",500,53.0794365825654
"1337","Small",750,43.9767546200904
"1353","Small",750,53.6521161224151
"605","Large",500,60.7534877402027
"2066","VerySmall",500,43.854323287643
"1197","Medium",500,53.2210051549266
"1675","Small",750,48.4225946603966
"1156","Medium",500,58.7629258865833
"1811","Small",750,54.8164538091185
"69","VeryLarge",250,63.6447304797046
"1102","Medium",500,56.2603335684963
"1074","Medium",500,46.7440570625386
"850","Medium",500,58.0161423750911
"1616","Small",750,51.4230955613363
"1528","Small",750,58.7665402889235
"1225","Medium",500,54.8181708369037
"690","Large",500,55.8456198479653
"1250","Medium",500,49.7827830155884
"2299","VerySmall",500,54.66751950509
"148","VeryLarge",250,60.7740471625299
"2121","VerySmall",500,55.4988501196269
"2093","VerySmall",500,48.4453364218933
"1707","Small",750,52.2768056223609
"1917","Small",750,56.8689047171164
"2452","VerySmall",500,43.3829432798918
"2306","VerySmall",500,51.8245614253888
"84","VeryLarge",250,65.6881307902134
"584","Large",500,55.1402743021855
"2319","VerySmall",500,55.4950497552625
"857","Medium",500,58.3271229283955
"343","Large",500,57.6654806174102
"1763","Small",750,59.4856132266875
"1089","Medium",500,50.6542075847974
"31","VeryLarge",250,61.3914875460923
"123","VeryLarge",250,69.9543215618134
"352","Large",500,57.208822192301
"1764","Small",750,55.3015938758955
"1682","Small",750,43.8252413801465
"1916","Small",750,50.7980395623842
"1651","Small",750,44.6467149365251
"926","Medium",500,55.9819910112498
"1482","Small",750,46.4279990227517
"6","VeryLarge",250,67.6087721055462
"1255","Small",750,49.4706208753192
"1387","Small",750,48.3111057001211
"1673","Small",750,49.9540999987378
"284","Large",500,63.1131038733196
"1969","Small",750,53.4691134294235
"844","Medium",500,48.3936371521461
"514","Large",500,59.8371311274494
"763","Medium",500,56.6261922030307
"2185","VerySmall",500,50.3066730946455
"2126","VerySmall",500,43.3579139532777
"774","Medium",500,52.0535802287445
"1319","Small",750,44.7125807887282
"1951","Small",750,45.4217721040464
"603","Large",500,62.7935822109503
"1275","Small",750,49.005551290493
"1386","Small",750,60.5484505849806
"962","Medium",500,60.7754244001605
"563","Large",500,61.2450587393358
"1019","Medium",500,47.0830906698403
"368","Large",500,60.8011312226774
"2301","VerySmall",500,49.2431318096536
"2213","VerySmall",500,48.714023554262
"32","VeryLarge",250,62.813533562386
"1957","Small",750,50.8310939885992
"683","Large",500,59.9558126213109
"279","Large",500,53.5183962242263
"2295","VerySmall",500,47.7664079600828
"2249","VerySmall",500,46.426599438829
"715","Large",500,62.2247210273745
"2197","VerySmall",500,48.4514955219548
"1797","Small",750,57.9076250809963
"2356","VerySmall",500,46.8327987125252
"2471","VerySmall",500,47.7632149408299
"1171","Medium",500,53.9302507324011
"1131","Medium",500,55.8028435682708
"1874","Small",750,46.5422359100457
"1687","Small",750,45.5122519375147
"1518","Small",750,58.7234034040142
"1631","Small",750,53.9023684101296
"139","VeryLarge",250,66.1462157707303
"1178","Medium",500,61.9667586325909
"2004","VerySmall",500,51.2765854740452
"1991","Small",750,48.0498236768182
"413","Large",500,63.3391649861277
"215","VeryLarge",250,62.4893722758812
"500","Large",500,61.3601571279824
"1746","Small",750,48.3318799072469
"1216","Medium",500,65.4869609795177
"1823","Small",750,55.351501145959
"1868","Small",750,45.2580630985035
"813","Medium",500,62.7459428896839
"914","Medium",500,53.450556962702
"1123","Medium",500,47.0866297476801
"731","Large",500,57.5916748973499
"1714","Small",750,45.5751342246073
"2481","VerySmall",500,55.0503972861699
"2430","VerySmall",500,46.1616790803025
"1891","Small",750,54.3687861760963
"680","Large",500,68.216761933368
"1377","Small",750,44.5164538216215
"1303","Small",750,59.4964044216925
"1332","Small",750,46.657109544031
"1364","Small",750,53.8482004043111
"2148","VerySmall",500,54.7834494209733
"2484","VerySmall",500,51.5757568679748
"701","Large",500,62.7568326192607
"5","VeryLarge",250,64.4919701575839
"2472","VerySmall",500,46.5065080365314
"45","VeryLarge",250,66.8110256395776
"2136","VerySmall",500,53.475420025264
"1623","Small",750,47.3079861687359
"2466","VerySmall",500,55.8927032731201
"677","Large",500,58.1890718686881
"660","Large",500,60.6302444577418
"283","Large",500,57.892164960473
"1110","Medium",500,59.0012277513071
"876","Medium",500,48.2140864925912
"348","Large",500,66.7207733273594
"329","Large",500,53.8713113868381
"147","VeryLarge",250,63.6372753857886
"2406","VerySmall",500,50.0270433100614
"1781","Small",750,60.0404236217373
"2217","VerySmall",500,44.4012039475917
"1289","Small",750,45.8928684182233
"2285","VerySmall",500,46.349955185046
"974","Medium",500,58.9421193387264
"1529","Small",750,40.7457819003357
"1858","Small",750,46.4811881750945
"1308","Small",750,48.2576522398028
"726","Large",500,54.3123151998785
"113","VeryLarge",250,71.0603567402102
"491","Large",500,61.7049062350228
"1040","Medium",500,55.0147415720932
"347","Large",500,56.4101973113215
"618","Large",500,56.6505448348996
"151","VeryLarge",250,77.5573339075297
"1794","Small",750,43.9760410162002
"2055","VerySmall",500,47.7098855806319
"1513","Small",750,51.0195126134343
"2008","VerySmall",500,54.7999443043481
"2167","VerySmall",500,55.5154389890783
"1448","Small",750,49.7989508822531
"984","Medium",500,56.3460177832946
"1202","Medium",500,54.5908846286
"1414","Small",750,45.0496519101381
"1233","Medium",500,53.3293619049667
"485","Large",500,61.5344910949513
"241","VeryLarge",250,62.595637721405
"2086","VerySmall",500,49.3233392354262
"1417","Small",750,52.144254148978
"2129","VerySmall",500,53.5543308539389
"848","Medium",500,51.515106544296
"2396","VerySmall",500,43.7579783084691
"2017","VerySmall",500,46.1528665016871
"1931","Small",750,57.0524081973888
"2335","VerySmall",500,48.1315433630495
"1755","Small",750,51.0545859655295
"1520","Small",750,54.9086234725754
"1126","Medium",500,48.0622180821964
"2076","VerySmall",500,48.2148754140406
"170","VeryLarge",250,55.8327993498699
"1136","Medium",500,48.8067957229356
"2200","VerySmall",500,52.0116105344736
"606","Large",500,63.5420044232679
"2290","VerySmall",500,48.0242150946755
"2388","VerySmall",500,43.306570616878
"1512","Small",750,55.6537868155202
"1318","Small",750,41.7924678146289
"1098","Medium",500,52.7776058102664
"1972","Small",750,60.0410198010638
"141","VeryLarge",250,63.6015271315421
"1974","Small",750,50.5544441097568
"923","Medium",500,61.424524649007
"535","Large",500,58.5389475376319
"1215","Medium",500,58.1437488191499
"1483","Small",750,41.0104852236264
"25","VeryLarge",250,66.419442668001
"1719","Small",750,48.1563966650385
"913","Medium",500,53.5305837913965
"1015","Medium",500,54.5938099731606
"1537","Small",750,55.597191104395
"1103","Medium",500,54.8997986409336
"2205","VerySmall",500,57.8231248004909
"1148","Medium",500,49.8959957099814
"2232","VerySmall",500,45.3081500460626
"1369","Small",750,41.5122972744543
"454","Large",500,59.7236449481034
"1347","Small",750,59.9088332084463
"2163","VerySmall",500,51.5807288576429
"778","Medium",500,50.0456636941696
"1314","Small",750,47.6961552529818
"2419","VerySmall",500,45.3815505339978
"1217","Medium",500,52.9934173444796
"1236","Medium",500,57.4431246781665
"1882","Small",750,47.0742759516661
"1224","Medium",500,56.3370617721943
"107","VeryLarge",250,66.5852607199429
"2237","VerySmall",500,49.9738547635211
"1786","Small",750,51.7119577082965
"908","Medium",500,50.7301350358103
"1107","Medium",500,58.0655388382524
"2079","VerySmall",500,60.7952888050099
"930","Medium",500,43.2408678285137
"693","Large",500,55.6252082183917
"364","Large",500,57.2968636833659
"1906","Small",750,53.1523766977373
"1395","Small",750,51.1260233793827
"1901","Small",750,44.5863850806185
"625","Large",500,55.8168424140413
"389","Large",500,64.4709895106707
"2296","VerySmall",500,44.8898378725533
"441","Large",500,53.1066008171201
"2309","VerySmall",500,40.0093284330732
"467","Large",500,59.9508570622585
"125","VeryLarge",250,64.862504756668
"339","Large",500,50.8917255637155
"2488","VerySmall",500,52.6747037564887
"193","VeryLarge",250,70.1342956833974
"162","VeryLarge",250,68.0187374980246
"511","Large",500,59.6886971980366
"1290","Small",750,53.3631905698935
"2108","VerySmall",500,49.7526179358022
"1589","Small",750,39.5261969265346
"2102","VerySmall",500,46.689464350539
"833","Medium",500,55.1120663028868
"2199","VerySmall",500,53.7907994201625
"2146","VerySmall",500,55.6382787313782
"342","Large",500,60.3724542387165
"370","Large",500,62.6629439160875
"1538","Small",750,46.6111547403031
"460","Large",500,60.835957045767
"2416","VerySmall",500,53.0771180723196
"2117","VerySmall",500,50.0821916639867
"2433","VerySmall",500,57.9121004348801
"744","Large",500,57.7315159254499
"2420","VerySmall",500,46.960558723473
"2045","VerySmall",500,51.2131707434292
"770","Medium",500,52.8744821831057
"2479","VerySmall",500,48.7920057908417
"1565","Small",750,39.81016604966
"1834","Small",750,53.7218777129021
"1654","Small",750,48.2093008012358
"2403","VerySmall",500,48.1716046273031
"1934","Small",750,38.699876848402
"235","VeryLarge",250,63.4192857953096
"2265","VerySmall",500,45.855113012533
"1511","Small",750,49.3832568291751
"386","Large",500,57.976367005937
"1096","Medium",500,41.7874457810279
"2333","VerySmall",500,49.5297084724776
"2440","VerySmall",500,59.4519276870662
"1372","Small",750,50.6514703561778
"311","Large",500,54.722709483549
"1084","Medium",500,52.1682058079871
"1702","Small",750,42.8512053519517
"1080","Medium",500,63.6811272900005
"2","VeryLarge",250,63.2743009889475
"2302","VerySmall",500,47.767280264108
"858","Medium",500,52.3895441332766
"2497","VerySmall",500,57.7962107141572
"1028","Medium",500,47.6815907190355
"1758","Small",750,43.130875414577
"1419","Small",750,51.966204887709
"2080","VerySmall",500,57.8407541915497
"670","Large",500,65.7382183993997
"574","Large",500,61.6034271262572
"1772","Small",750,55.4832624193834
"2423","VerySmall",500,52.358144294597
"860","Medium",500,49.913869015946
"1212","Medium",500,58.4677876476966
"2233","VerySmall",500,48.3132457690059
"1284","Small",750,58.99021276804
"1054","Medium",500,56.7703539877062
"1767","Small",750,50.595947296698
"1117","Medium",500,57.9874388160311
"2134","VerySmall",500,57.7966106893171
"1804","Small",750,47.623330173071
"2145","VerySmall",500,49.6313165170671
"2214","VerySmall",500,56.4100921210988
"114","VeryLarge",250,70.1496370122251
"1446","Small",750,47.3164530400551
"2409","VerySmall",500,45.1172556695673
"1833","Small",750,49.2303592572657
"2013","VerySmall",500,50.6191422509767
"1992","Small",750,50.667718991849
"272","Large",500,52.3383124598828
"2034","VerySmall",500,52.0695547137154
"2106","VerySmall",500,53.412133583128
"1864","Small",750,48.469197543232
"101","VeryLarge",250,73.0356356837196
"1806","Small",750,42.1919516039022
"859","Medium",500,58.860041800873
"1620","Small",750,49.3355058218035
"1378","Small",750,50.4250933447748
"2278","VerySmall",500,44.2262518831719
"2379","VerySmall",500,41.4510429402274
"1608","Small",750,51.1566049721791
"1677","Small",750,47.5923681483993
"504","Large",500,58.1995055976504
"894","Medium",500,50.5809786953284
"1857","Small",750,58.8528187186187
"137","VeryLarge",250,58.7496061365711
"1795","Small",750,53.7249931157884
"952","Medium",500,52.4463325511154
"580","Large",500,57.0851377943914
"462","Large",500,64.7004597949478
"2133","VerySmall",500,58.208826649158
"1690","Small",750,47.5912301031997
"2272","VerySmall",500,49.920993475363
"2408","VerySmall",500,41.9579409436955
"2097","VerySmall",500,44.6738136899554
"1142","Medium",500,46.7804464858387
"372","Large",500,61.3491545189794
"178","VeryLarge",250,64.3099396164489
"2226","VerySmall",500,53.9796084137663
"1297","Small",750,46.5771448813023
"2349","VerySmall",500,48.546112464839
"438","Large",500,60.6652878115998
"1578","Small",750,48.357680292042
"94","VeryLarge",250,61.7009746068831
"1286","Small",750,48.8121955518019
"1547","Small",750,58.9582852716242
"674","Large",500,60.947944274557
"237","VeryLarge",250,69.4544272682908
"632","Large",500,58.0426954007776
"692","Large",500,57.5680508424412
"733","Large",500,53.3429438948278
"2387","VerySmall",500,47.5286507157349
"206","VeryLarge",250,65.3850487188014
"2171","VerySmall",500,51.7542135252507
"253","Large",500,55.5408196185388
"2478","VerySmall",500,46.7134027738711
"502","Large",500,56.3438181710115
"536","Large",500,65.4367661022967
"727","Large",500,61.4156917450367
"383","Large",500,48.8275451149436
"550","Large",500,62.0687296420704
"1112","Medium",500,57.4662727529699
"379","Large",500,70.8424885883465
"1293","Small",750,48.6659536338712
"325","Large",500,58.4306745251606
"1164","Medium",500,53.9328728362888
"1407","Small",750,41.5399476284739
"1730","Small",750,40.7379155421676
"1258","Small",750,53.1033804105949
"585","Large",500,59.0888927693524
"2194","VerySmall",500,55.4583943529822
"1728","Small",750,41.8000837883566
"1489","Small",750,56.2437270693664
"92","VeryLarge",250,65.365700618647
"2339","VerySmall",500,56.5610365540576
"1486","Small",750,55.212069692914
"1189","Medium",500,53.4772610175937
"1234","Medium",500,50.0578294807801
"1754","Small",750,47.5577935180367
"1744","Small",750,47.527898502145
"940","Medium",500,52.7960801061192
"182","VeryLarge",250,67.1694209000125
"1516","Small",750,55.8891894184519
"927","Medium",500,55.0880055108312
"1970","Small",750,56.8412959955985
"1947","Small",750,56.8446659880589
"960","Medium",500,50.1941328425933
"102","VeryLarge",250,66.3701739854647
"840","Medium",500,57.0022285954387
"1904","Small",750,44.4575394921391
"1269","Small",750,47.3145080887702
"205","VeryLarge",250,60.5534850898812
"1964","Small",750,58.7837213531943
"244","VeryLarge",250,73.67067321484
"1143","Medium",500,58.1828060519607
"129","VeryLarge",250,68.8268829174039
"1346","Small",750,52.6486546450815
"1456","Small",750,37.2722702387156
"1541","Small",750,47.3223465496739
"1527","Small",750,44.8268765030264
"198","VeryLarge",250,70.8585753757121
"2168","VerySmall",500,40.2133806326791
"1385","Small",750,46.7547151777042
"1458","Small",750,50.4261876391496
"768","Medium",500,61.2570653920401
"730","Large",500,55.1514128909395
"450","Large",500,57.3136864790231
"1536","Small",750,54.2781799005043
"1093","Medium",500,61.5091132661659
"1800","Small",750,43.5394274938004
"623","Large",500,62.5299968018118
"669","Large",500,71.7343230886943
"596","Large",500,64.7836894172091
"561","Large",500,58.9538307167475
"856","Medium",500,60.4476328313632
"2139","VerySmall",500,53.2880698010926
"530","Large",500,60.2180663112557
"925","Medium",500,46.582692972606
"1396","Small",750,51.5122328293209
"310","Large",500,56.4701163613296
"2122","VerySmall",500,56.4123943160668
"593","Large",500,62.0853226105186
"684","Large",500,58.0107680172736
"827","Medium",500,57.0953132426329
"1424","Small",750,58.9404523220734
"1181","Medium",500,56.1306606658838
"2486","VerySmall",500,47.0449444098308
"1248","Medium",500,52.6372202006786
"666","Large",500,60.4272157384505
"2088","VerySmall",500,43.0467120395356
"2442","VerySmall",500,53.7957942593986
"1001","Medium",500,52.2500485714848
"1174","Medium",500,59.5688754713491
"1582","Small",750,52.7628789552211
"885","Medium",500,59.7863707461786
"818","Medium",500,54.012443810796
"1495","Small",750,48.5028716734416
"2259","VerySmall",500,43.5318869844505
"1793","Small",750,48.269301308497
"1266","Small",750,56.147663284279
"665","Large",500,46.9811791870996
"1423","Small",750,51.0786720993451
"483","Large",500,59.7340234408254
"816","Medium",500,55.9104817562597
"260","Large",500,60.4439733712988
"428","Large",500,70.4741073973934
"1101","Medium",500,56.4976115365424
"841","Medium",500,48.238652083204
"2321","VerySmall",500,42.6197200967885
"679","Large",500,58.2329043138322
"2119","VerySmall",500,55.0614671529165
"1776","Small",750,49.8912342975705
"2458","VerySmall",500,50.6343182552531
"1563","Small",750,56.0421780595558
"888","Medium",500,59.8374530024562
"1365","Small",750,57.1414710810182
"99","VeryLarge",250,65.435430824367
"1187","Medium",500,51.3334169278505
"61","VeryLarge",250,67.2338773214901
"422","Large",500,59.6280739559462
"2415","VerySmall",500,44.0893547415789
"1659","Small",750,45.061501667772
"1927","Small",750,47.4534253691144
"2360","VerySmall",500,40.6595615376487
"2112","VerySmall",500,55.8781587061812
"1785","Small",750,48.6256397491313
"1843","Small",750,39.1166911711813
"2496","VerySmall",500,47.2915828100134
"2067","VerySmall",500,47.5640961308346
"764","Medium",500,58.4707298242349
"41","VeryLarge",250,75.2390965779053
"321","Large",500,65.8570286218352
"1994","Small",750,46.7784292608483
"2048","VerySmall",500,50.486592421238
"1872","Small",750,46.945174103411
"1669","Small",750,43.5625059353654
"831","Medium",500,56.2520713239645
"1100","Medium",500,55.8364733649434
"1228","Medium",500,50.1425089468388
"880","Medium",500,51.6767510909687
"2207","VerySmall",500,55.223762258823
"1082","Medium",500,59.932864492572
"1300","Small",750,45.6078130341099
"1545","Small",750,48.7277384370001
"1133","Medium",500,53.4153211658252
"2243","VerySmall",500,50.9734861186724
"2410","VerySmall",500,50.6946729294028
"392","Large",500,66.1880292707365
"1821","Small",750,53.2853459787884
"1095","Medium",500,55.365895958935
"617","Large",500,55.3134763865644
"769","Medium",500,48.939904385446
"2435","VerySmall",500,54.1105407928274
"2074","VerySmall",500,56.8600712080485
"1546","Small",750,53.3584176543198
"1948","Small",750,49.3423568670294
"1383","Small",750,54.3135325796298
"1244","Medium",500,53.619625129088
"1762","Small",750,47.331816874587
"2101","VerySmall",500,47.5931364884683
"1652","Small",750,44.1747845861705
"2041","VerySmall",500,42.7067966504704
"1135","Medium",500,55.1668251642536
"264","Large",500,62.0170265126402
"354","Large",500,57.9209077931198
"34","VeryLarge",250,66.912916165765
"1195","Medium",500,57.2013546793377
"1036","Medium",500,51.4622512414412
"2431","VerySmall",500,35.2120619017861
"2405","VerySmall",500,53.9215432705244
"1625","Small",750,57.2147411462221
"2288","VerySmall",500,55.9878992974821
"2345","VerySmall",500,47.9151471424613
"1729","Small",750,49.4658978700681
"1099","Medium",500,49.4537850547231
"1221","Medium",500,50.4020924279205
"1200","Medium",500,46.9084831914673
"1870","Small",750,51.0312164063054
"385","Large",500,65.1950725244433
"2099","VerySmall",500,50.3642933073156
"54","VeryLarge",250,63.5068721369408
"1718","Small",750,44.5765315641141
"2059","VerySmall",500,47.7625774418599
"2424","VerySmall",500,50.0571534055242
"1363","Small",750,58.0552752483512
"1444","Small",750,49.7471385195112
"317","Large",500,60.9639470079428
"1435","Small",750,52.2355549360002
"902","Medium",500,55.7786469437332
"1121","Medium",500,61.3718504579661
"221","VeryLarge",250,63.292539116152
"1493","Small",750,46.5828273235865
"2417","VerySmall",500,48.8209579579907
"738","Large",500,57.6196059086585
"414","Large",500,50.7718400254786
"2292","VerySmall",500,50.0254767167778
"2357","VerySmall",500,45.795075029243
"2149","VerySmall",500,51.4100316111833
"271","Large",500,60.3758082397171
"490","Large",500,65.3678319798305
"1748","Small",750,59.6865953782921
"512","Large",500,64.4139996475548
"2477","VerySmall",500,39.1083520097166
"1464","Small",750,36.0135274025579
"583","Large",500,64.7486431921961
"20","VeryLarge",250,66.3462080690614
"1602","Small",750,57.4833182112521
"1480","Small",750,49.0203654123696
"1664","Small",750,45.9933428351772
"2120","VerySmall",500,52.0948157377228
"1875","Small",750,54.3140581698919
"2311","VerySmall",500,50.4147900697249
"543","Large",500,55.6530073772084
"1471","Small",750,45.4456054040024
"843","Medium",500,51.4393430907731
"1549","Small",750,49.8273562374074
"2115","VerySmall",500,45.49323895
"1526","Small",750,45.3367351394857
"714","Large",500,60.259932783415
"1835","Small",750,50.801124260221
"418","Large",500,51.1892922849976
"70","VeryLarge",250,55.2644287831108
"185","VeryLarge",250,68.5295003865763
"1366","Small",750,44.6802211435254
"1619","Small",750,54.0884083929373
"613","Large",500,56.525021756114
"331","Large",500,53.7316785847689
"1732","Small",750,53.3083781216174
"446","Large",500,50.9901692476701
"1481","Small",750,54.2734673336658
"1114","Medium",500,55.7612876596957
"2493","VerySmall",500,51.6604929493071
"1726","Small",750,42.9913030725966
"22","VeryLarge",250,61.9830988662225
"1051","Medium",500,66.1509036615895
"2005","VerySmall",500,52.4601021040835
"2006","VerySmall",500,50.7681095201
"218","VeryLarge",250,72.0962997216913
"2087","VerySmall",500,56.5748108165658
"1830","Small",750,54.2799975968841
"159","VeryLarge",250,69.1324843798925
"1586","Small",750,57.861763730451
"1163","Medium",500,54.3288474613121
"270","Large",500,56.7885074712637
"473","Large",500,57.8010702115342
"1078","Medium",500,49.5130626784083
"1943","Small",750,50.8436447176064
"1749","Small",750,48.191197381478
"2081","VerySmall",500,46.1402155101071
"999","Medium",500,44.0805271174011
"968","Medium",500,58.5821323907737
"2399","VerySmall",500,59.3106909385889
"243","VeryLarge",250,61.2526775999877
"2042","VerySmall",500,51.0155179947838
"1897","Small",750,50.5349465570284
"1312","Small",750,41.5752634027433
"335","Large",500,60.099851134642
"602","Large",500,65.3571143792944
"2210","VerySmall",500,38.2930917713509
"1108","Medium",500,50.4715685900843
"659","Large",500,55.1566202767775
"1975","Small",750,52.7938594422142
"1055","Medium",500,63.8749985197031
"2114","VerySmall",500,45.9462358386997
"1155","Medium",500,51.1532281986668
"1524","Small",750,55.9001316874694
"2035","VerySmall",500,51.1433617718919
"1139","Medium",500,56.7155900120797
"520","Large",500,67.838060591179
"2244","VerySmall",500,50.755169607175
"2310","VerySmall",500,48.8222209173034
"1484","Small",750,46.4378315178335
"2464","VerySmall",500,51.6581247974146
"289","Large",500,60.5260996361251
"246","VeryLarge",250,66.2930653070739
"1867","Small",750,55.7993127595984
"1313","Small",750,45.7275608863072
"1922","Small",750,47.2975703365196
"13","VeryLarge",250,70.8935944330137
"943","Medium",500,63.7572527295385
"164","VeryLarge",250,63.0437163372062
"832","Medium",500,57.8551118393709
"1403","Small",750,58.3942433570739
"1455","Small",750,51.7638156196
"2242","VerySmall",500,40.3478155527825
"932","Medium",500,62.6452716211787
"673","Large",500,64.1822104355773
"378","Large",500,62.6835371712814
"866","Medium",500,52.0211202765605
"1","VeryLarge",250,70.5106575906149
"77","VeryLarge",250,63.5283646511535
"2413","VerySmall",500,49.8540261222244
"1374","Small",750,43.3063144326168
"1648","Small",750,42.1385119859039
"63","VeryLarge",250,63.0096113857846
"299","Large",500,64.4072897574964
"884","Medium",500,52.4447960976068
"1058","Medium",500,51.1736512002878
"2192","VerySmall",500,51.9860824623364
"1429","Small",750,47.0733960076989
"1506","Small",750,34.7506355480352
"1421","Small",750,54.193509059225
"1373","Small",750,46.3313322708112
"1983","Small",750,45.5235107051735
"71","VeryLarge",250,60.1725735864105
"2432","VerySmall",500,52.2074287841803
"1210","Medium",500,54.1471964796364
"1447","Small",750,52.5902565584844
"2057","VerySmall",500,54.5742172192949
"682","Large",500,65.6440705774318
"39","VeryLarge",250,66.7706360223224
"1000","Medium",500,58.2651834907051
"238","VeryLarge",250,67.7534087878839
"398","Large",500,55.1855193242969
"1046","Medium",500,52.954964133304
"281","Large",500,66.0272085608709
"1805","Small",750,52.0329603485325
"742","Large",500,56.1252924850864
"557","Large",500,46.0358462756394
"1921","Small",750,53.1872871094431
"1071","Medium",500,60.1704384762377
"2394","VerySmall",500,47.8340863486488
"1841","Small",750,54.2735293970507
"1591","Small",750,48.4310720830838
"2000","Small",750,43.7832582652317
"1075","Medium",500,56.7530297476087
"2218","VerySmall",500,51.4480668806554
"303","Large",500,57.2372578716763
"1223","Medium",500,51.1616813335137
"1146","Medium",500,57.9932014186006
"1869","Small",750,46.5061458102639
"1207","Medium",500,60.9896074603032
"2029","VerySmall",500,43.9086194029635
"639","Large",500,54.6703216483884
"1242","Medium",500,54.6631726881646
"1359","Small",750,44.6552492680643
"2438","VerySmall",500,47.9037673303275
"633","Large",500,57.2133582144679
"805","Medium",500,55.6125843535761
"228","VeryLarge",250,70.8954567592726
"287","Large",500,55.2852659593351
"1909","Small",750,53.0699907887793
"966","Medium",500,50.656782840139
"1766","Small",750,49.4892847452181
"1838","Small",750,49.0859421883239
"2182","VerySmall",500,53.2063753128417
"2252","VerySmall",500,58.2573731450446
"11","VeryLarge",250,62.026139611195
"645","Large",500,63.4537584981223
"44","VeryLarge",250,64.4901617164918
"1247","Medium",500,60.7909669845093
"1348","Small",750,44.9515481640632
"211","VeryLarge",250,66.0643885536015
"1607","Small",750,53.0735270335167
"2305","VerySmall",500,56.0852225260271
"878","Medium",500,55.6613018118783
"1206","Medium",500,55.4170203395823
"1769","Small",750,49.4857713465495
"965","Medium",500,52.6640823174742
"1081","Medium",500,50.0141802384247
"2090","VerySmall",500,57.0209109367858
"2500","VerySmall",500,43.2902423647536
"1978","Small",750,41.7783088009182
"1306","Small",750,52.4713942931858
"85","VeryLarge",250,67.4149526004311
"96","VeryLarge",250,63.9311413348407
"154","VeryLarge",250,65.6834583839603
"1637","Small",750,43.9130894529454
"1299","Small",750,50.0947154197622
"1341","Small",750,46.6471848548728
"212","VeryLarge",250,66.7147877805223
"2159","VerySmall",500,50.1393493355974
"967","Medium",500,57.933927945144
"1321","Small",750,46.7998443342165
"608","Large",500,57.8668857207162
"953","Medium",500,60.3331896999523
"1745","Small",750,50.7492944608972
"1915","Small",750,50.9533715791925
"753","Medium",500,55.5810525838299
"1611","Small",750,49.2598071465571
"186","VeryLarge",250,68.678094096532
"461","Large",500,66.5675934561369
"443","Large",500,66.9561769241704
"120","VeryLarge",250,62.1912407594932
"2177","VerySmall",500,56.1939798669342
"1066","Medium",500,56.6816787070266
"653","Large",500,59.1977995065516
"2040","VerySmall",500,58.5105657451509
"43","VeryLarge",250,68.9610062384108
"2483","VerySmall",500,45.4930435065488
"192","VeryLarge",250,63.276595845803
"986","Medium",500,55.6322510520492
"1894","Small",750,53.5261647357456
"2179","VerySmall",500,44.1365417108877
"1575","Small",750,48.2471889070844
"1219","Medium",500,54.2372767374818
"419","Large",500,64.9228478972988
"230","VeryLarge",250,68.3726957297581
"1976","Small",750,51.4692498045659
"1808","Small",750,40.4480354972056
"912","Medium",500,53.8410833232839
"1990","Small",750,46.7142925621679
"12","VeryLarge",250,62.0253744524865
"57","VeryLarge",250,61.8388303511968
"775","Medium",500,60.0454342239599
"374","Large",500,64.1027973180513
"1298","Small",750,46.6762657931895
"229","VeryLarge",250,72.7864889907611
"1859","Small",750,49.9729951166753
"507","Large",500,65.9708994419933
"973","Medium",500,55.4906351482087
"2022","VerySmall",500,43.30199407754
"282","Large",500,65.8412224727038
"1033","Medium",500,63.50084046458
"2043","VerySmall",500,46.4691675235104
"2060","VerySmall",500,59.2095806455693
"1183","Medium",500,50.1120298272411
"1352","Small",750,42.026783920914
"528","Large",500,61.1742902394716
"559","Large",500,56.8581701088042
"2467","VerySmall",500,44.2633505076108
"552","Large",500,57.6306223221007
"1803","Small",750,50.9187907032907
"655","Large",500,59.0488836846515
"2436","VerySmall",500,47.5429297597354
"2215","VerySmall",500,45.3235754692052
"1929","Small",750,54.9987206099875
"437","Large",500,56.7978057989801
"1451","Small",750,49.9637334931493
"1521","Small",750,46.3764999252776
"1153","Medium",500,62.2331123005585
"293","Large",500,64.4767943754463
"1814","Small",750,45.7397729700442
"400","Large",500,66.7330159142698
"323","Large",500,60.2440988619997
"1723","Small",750,56.7414316550882
"1141","Medium",500,54.0125382289679
"2380","VerySmall",500,49.0748352287352
"589","Large",500,64.6388064295349
"759","Medium",500,56.5796601578451
"2391","VerySmall",500,49.6055864587415
"449","Large",500,64.5126801787538
"1985","Small",750,46.9535992468362
"1851","Small",750,53.3797755163783
"2352","VerySmall",500,39.2367802521103
"2113","VerySmall",500,47.0785088981117
"1402","Small",750,49.0829124659908
"640","Large",500,62.1013358162261
"1017","Medium",500,45.615087712149
"2209","VerySmall",500,45.2168393228073
"207","VeryLarge",250,67.3322704242541
"184","VeryLarge",250,65.5188819577364
"2264","VerySmall",500,50.1998271179276
"1828","Small",750,55.5930574511881
"982","Medium",500,56.8183316502898
"2437","VerySmall",500,50.3311027741105
"2489","VerySmall",500,51.5981152217685
"397","Large",500,71.5570662692763
"427","Large",500,60.0456068964859
"1508","Small",750,56.5361400047883
"2276","VerySmall",500,42.2713200467754
"1775","Small",750,53.0196993660441
"1818","Small",750,55.0668087733966
"404","Large",500,55.3187839099432
"1018","Medium",500,54.0484740105928
"1186","Medium",500,56.1196050048798
"823","Medium",500,56.0024589913818
"8","VeryLarge",250,70.3204214327023
"1609","Small",750,52.3489502248483
"1653","Small",750,48.7371764820461
"108","VeryLarge",250,65.0108274365126
"607","Large",500,59.6743479229995
"481","Large",500,65.0742063824926
"2350","VerySmall",500,43.7980661970669
"650","Large",500,55.783577063356
"2386","VerySmall",500,48.7331366626017
"1799","Small",750,46.7427041401063
"2110","VerySmall",500,54.4227168264846
"787","Medium",500,56.6414244046589
"222","VeryLarge",250,66.3908387962651
"2372","VerySmall",500,46.5022177138466
"1104","Medium",500,49.7940712721676
"997","Medium",500,52.0688758794057
"1928","Small",750,40.2940513919006
"1650","Small",750,51.4625816025488
"2025","VerySmall",500,47.5275857174342
"668","Large",500,64.6248085250691
"2227","VerySmall",500,59.4130337493859
"275","Large",500,61.5489530599359
"1739","Small",750,49.9329735584818
"294","Large",500,62.7758717989636
"1938","Small",750,56.8118815425308
"1771","Small",750,53.0509505028284
"1960","Small",750,49.7722633843135
"937","Medium",500,43.0266689542767
"2147","VerySmall",500,48.8588573327393
"524","Large",500,61.8207506075116
"223","VeryLarge",250,61.1979562127731
"947","Medium",500,53.3758272209939
"723","Large",500,60.3765079790616
"1132","Medium",500,54.7860943344762
"1908","Small",750,56.6044584718962
"1736","Small",750,57.8819869235529
"436","Large",500,60.100848985417
"903","Medium",500,62.9193257579977
"2312","VerySmall",500,39.6508952599445
"2104","VerySmall",500,49.2332365345509
"10","VeryLarge",250,65.5276659285039
"161","VeryLarge",250,72.9229706058161
"356","Large",500,61.7507564638243
"955","Medium",500,55.0654667738041
"2454","VerySmall",500,49.8452268783886
"2111","VerySmall",500,44.4427954311534
"1979","Small",750,43.8912205095317
"18","VeryLarge",250,64.2865844798067
"1871","Small",750,49.5464848332721
"1487","Small",750,46.3855714930611
"762","Medium",500,54.7829879555197
"1873","Small",750,54.2225287254485
"1370","Small",750,60.8999060147141
"2374","VerySmall",500,62.4186813333706
"1167","Medium",500,60.2229416893704
"788","Medium",500,59.5488562898385
"1567","Small",750,43.2261437186111
"1787","Small",750,42.7125162353703
"217","VeryLarge",250,68.6632874415559
"127","VeryLarge",250,76.3023384514683
"776","Medium",500,47.3111747171061
"176","VeryLarge",250,62.0868117031455
"2455","VerySmall",500,42.5425077528299
"1324","Small",750,53.6564776710754
"2250","VerySmall",500,49.3193873025278
"2127","VerySmall",500,51.0314455371404
"2044","VerySmall",500,53.5417771876471
"795","Medium",500,52.7473679403702
"1710","Small",750,42.5665252216937
"2398","VerySmall",500,53.6479428816395
"546","Large",500,52.9227188642627
"1288","Small",750,47.7356424705286
"2027","VerySmall",500,40.6652245131691
"327","Large",500,62.3013391099321
"249","VeryLarge",250,60.5574004506524
"1696","Small",750,54.0306894768277
"616","Large",500,68.176122000528
"1283","Small",750,48.2525605960297
"1442","Small",750,49.8757372331222
"975","Medium",500,58.1287726698315
"1588","Small",750,45.7196047535936
"1949","Small",750,57.7360657160925
"1741","Small",750,50.4457492951391
"2359","VerySmall",500,48.517125319942
"2003","VerySmall",500,44.5209329636465
"899","Medium",500,48.6084952605471
"1467","Small",750,57.2048458250169
"951","Medium",500,56.8781042692697
"167","VeryLarge",250,65.0848078720574
"1452","Small",750,42.7361797783415
"344","Large",500,50.7129880576154
"2123","VerySmall",500,55.2049998822788
"126","VeryLarge",250,62.5110232512367
"889","Medium",500,59.3077110319015
"2291","VerySmall",500,52.9539011758325
"2329","VerySmall",500,50.6001505066104
"1846","Small",750,56.4864497042551
"1568","Small",750,58.3389949705581
"865","Medium",500,52.5858558054384
"1008","Medium",500,51.0286447022422
"487","Large",500,60.2608241174312
"1394","Small",750,50.4434818775236
"89","VeryLarge",250,75.2290222167184
"513","Large",500,54.0751106450116
"1111","Medium",500,56.1804284602882
"1050","Medium",500,61.2249294097985
"837","Medium",500,46.640817214947
"2314","VerySmall",500,49.4106431647326
"803","Medium",500,56.3930259115046
"637","Large",500,59.0241313532724
"597","Large",500,59.402960740334
"216","VeryLarge",250,68.1785383051805
"898","Medium",500,54.8125350256257
"1935","Small",750,50.7095662522722
"2383","VerySmall",500,43.4512524580568
"2036","VerySmall",500,53.8453387061093
"988","Medium",500,58.7281099936795
"119","VeryLarge",250,75.2486054508303
"963","Medium",500,65.8365809368561
"138","VeryLarge",250,62.1961892866378
"426","Large",500,55.7885832250124
"958","Medium",500,44.5209155812326
"1428","Small",750,52.0375049504878
"1358","Small",750,53.0165607865539
"2125","VerySmall",500,46.3251773037307
"1433","Small",750,53.1388049585117
"1122","Medium",500,55.7791011864376
"1822","Small",750,63.4991922908314
"1330","Small",750,41.5694231237148
"2173","VerySmall",500,58.0222896661882
"2446","VerySmall",500,53.017586975544
"406","Large",500,62.9560774579053
"470","Large",500,56.4641099300278
"1177","Medium",500,51.6205454062225
"1700","Small",750,49.56400566498
"2124","VerySmall",500,45.8020245836222
"1030","Medium",500,60.7184244480811
"2202","VerySmall",500,52.8666278657892
"1047","Medium",500,56.7903810486928
"396","Large",500,63.3788149250624
"505","Large",500,63.0881759695168
"2346","VerySmall",500,50.1607638768668
"482","Large",500,53.2054870047914
"985","Medium",500,66.4230292257152
"1844","Small",750,46.7678918835842
"496","Large",500,60.849533275089
"375","Large",500,53.9410285853399
"1548","Small",750,38.8774935679381
"1701","Small",750,52.6697182544382
"2103","VerySmall",500,46.1880682431089
"290","Large",500,65.1220192292567
"1789","Small",750,51.9514479489887
"873","Medium",500,48.0515979748677
"612","Large",500,57.6842942175243
"2304","VerySmall",500,47.094441678487
"2362","VerySmall",500,51.6685923401622
"796","Medium",500,56.6814818308406
"2492","VerySmall",500,49.4306331722535
"931","Medium",500,48.076009137569
"533","Large",500,59.7069052688996
"1862","Small",750,46.7533638728341
"188","VeryLarge",250,64.3056510464674
"376","Large",500,59.1256203688269
"251","Large",500,60.6883655863866
"1914","Small",750,48.8611129296645
"320","Large",500,64.1984535661793
"1899","Small",750,54.0312222784969
"1360","Small",750,43.7832491441144
"883","Medium",500,58.4309010116146
"649","Large",500,55.5767377366755
"468","Large",500,64.5133702626437
"1713","Small",750,51.9477188461313
"2262","VerySmall",500,50.2451839352867
"1999","Small",750,59.847788722803
"65","VeryLarge",250,72.280846123018
"1083","Medium",500,51.0951140752636
"73","VeryLarge",250,62.5344849484645
"2246","VerySmall",500,54.0801138345368
"2007","VerySmall",500,53.2997966544687
"93","VeryLarge",250,67.2984760217842
"201","VeryLarge",250,63.398845823464
"1357","Small",750,44.8188325099414
"324","Large",500,60.9829927526776
"225","VeryLarge",250,62.3923730571862
"1333","Small",750,57.2787271666032
"1175","Medium",500,53.01402300481
"2069","VerySmall",500,46.0666917221094
"322","Large",500,51.4187293281454
"1712","Small",750,41.5894057027756
"849","Medium",500,48.6567413928862
"2320","VerySmall",500,45.9186994879893
"699","Large",500,59.387308736438
"1060","Medium",500,56.1882932686554
"2331","VerySmall",500,40.4104681194227
"2241","VerySmall",500,44.8904724696268
"399","Large",500,61.5766960036379
"21","VeryLarge",250,62.8916897112719
"1550","Small",750,45.0540551196858
"1703","Small",750,49.6486750974798
"2348","VerySmall",500,54.7927387719585
"357","Large",500,58.3501490576903
"2073","VerySmall",500,46.8114450353764
"521","Large",500,61.046970066114
"2223","VerySmall",500,47.6249882588819
"478","Large",500,62.9902057910903
"722","Large",500,56.0974959322883
"499","Large",500,56.4178052168296
"288","Large",500,58.5288783075256
"987","Medium",500,59.7916039428703
"2286","VerySmall",500,45.4109227973717
"891","Medium",500,53.6211995362615
"15","VeryLarge",250,60.7348850934325
"1267","Small",750,50.7946758094032
"1640","Small",750,48.5758068907633
"384","Large",500,60.0740312596235
"941","Medium",500,56.2990573770942
"969","Medium",500,62.6450309512382
"935","Medium",500,49.8615575900838
"23","VeryLarge",250,69.1075285742568
"394","Large",500,60.6147408504644
"2196","VerySmall",500,45.4688730068182
"1002","Medium",500,54.3719961575323
"1850","Small",750,47.9173191764286
"492","Large",500,60.1601708042551
"1559","Small",750,54.0693300522604
"804","Medium",500,54.97581063973
"569","Large",500,52.1718395914217
"261","Large",500,68.1870605876297
"895","Medium",500,49.9168620264733
"2157","VerySmall",500,38.9185454069736
"1704","Small",750,42.2844670198476
"854","Medium",500,50.0284314786428
"401","Large",500,53.012188463519
"1179","Medium",500,56.8051992396202
"1138","Medium",500,59.2576081070134
"1406","Small",750,46.613794742857
"587","Large",500,56.4269580251197
"266","Large",500,59.7234239236032
"95","VeryLarge",250,67.6279954450923
"1986","Small",750,55.092214947111
"971","Medium",500,46.6947115019629
"847","Medium",500,53.7096474187108
"1037","Medium",500,60.2465730147628
"2371","VerySmall",500,53.0741352619051
"785","Medium",500,53.5076729891786
"1911","Small",750,54.0267367180389
"794","Medium",500,52.6616144878122
"2151","VerySmall",500,48.5220442497428
"463","Large",500,65.5248749102483
"1490","Small",750,54.816203716563
"1072","Medium",500,61.377658536103
"1738","Small",750,57.0542597595479
"1292","Small",750,48.1691259341279
"1335","Small",750,45.6046759061107
"1260","Small",750,48.4078716267395
"1305","Small",750,41.5534898792809
"1514","Small",750,54.7241562954432
"1420","Small",750,48.7059320376335
"989","Medium",500,51.5579894724956
"213","VeryLarge",250,62.7658633298599
"33","VeryLarge",250,68.9546016788083
"37","VeryLarge",250,68.9360369513893
"799","Medium",500,54.7327406104601
"236","VeryLarge",250,62.2936205319109
"1672","Small",750,52.7569027589368
"689","Large",500,52.6497147938611
"14","VeryLarge",250,59.734805840786
"611","Large",500,62.1897739005716
"387","Large",500,60.5181877239533
"1220","Medium",500,51.5225047387933
"1920","Small",750,44.088647032841
"2418","VerySmall",500,57.2660492162616
"1965","Small",750,49.7831034940041
"835","Medium",500,58.4298153860033
"724","Large",500,60.9389615560429
"1820","Small",750,49.4819096582313
"1391","Small",750,57.2743475223786
"1252","Small",750,48.7929913104325
"1031","Medium",500,46.8368558713567
"646","Large",500,47.7501775566812
"2390","VerySmall",500,54.588382409839
"1092","Medium",500,61.9880191091771
"1580","Small",750,52.8026045680839
"838","Medium",500,52.95720657518
"181","VeryLarge",250,65.7214044946306
"104","VeryLarge",250,67.6433105029897
"2158","VerySmall",500,46.1568198674135
"112","VeryLarge",250,64.63731383847
"2439","VerySmall",500,50.096174348886
"2162","VerySmall",500,47.3567577387834
"1698","Small",750,51.0294860677706
"1436","Small",750,52.0862652611363
"1462","Small",750,51.4925465248666
"635","Large",500,57.8821059251456
"1617","Small",750,47.4957355652825
"956","Medium",500,62.6673161717808
"1925","Small",750,55.582706400245
"2351","VerySmall",500,52.4234758613456
"1105","Medium",500,53.5452875007296
"600","Large",500,55.2827885953528
"2132","VerySmall",500,51.5124067860689
"174","VeryLarge",250,71.2347446489089
"948","Medium",500,53.9471344331288
"318","Large",500,65.0225064623116
"1052","Medium",500,57.7027871302394
"836","Medium",500,48.0830130173769
"509","Large",500,58.2450879213815
"1285","Small",750,52.3795579508701
"2353","VerySmall",500,45.1880266903616
"708","Large",500,61.9225530601916
"469","Large",500,61.5439045060991
"737","Large",500,51.4942147116566
"166","VeryLarge",250,63.4459251338287
"2176","VerySmall",500,43.9308094678905
"363","Large",500,61.9039186398443
"1351","Small",750,52.6310194053303
"1316","Small",750,50.046468147467
"717","Large",500,51.4465017756614
"815","Medium",500,56.12821410844
"353","Large",500,67.0834311860238
"992","Medium",500,53.2992408839411
"1438","Small",750,45.0348839193373
"739","Large",500,57.6163633617062
"1895","Small",750,43.1856529963145
"183","VeryLarge",250,55.4106131060982
"1440","Small",750,59.2117754496344
"807","Medium",500,58.1148305205907
"2143","VerySmall",500,50.5788180531901
"2322","VerySmall",500,57.7170357017565
"158","VeryLarge",250,57.991988387845
"2343","VerySmall",500,52.9185478605518
"362","Large",500,73.9020124400059
"3","VeryLarge",250,66.8285295172761
"1774","Small",750,58.0694600388032
"784","Medium",500,56.6818728725358
"66","VeryLarge",250,69.4448862589969
"2137","VerySmall",500,51.1073754842072
"1405","Small",750,57.4904686484081
"1802","Small",750,47.2019662666814
"567","Large",500,55.3903158051145
"254","Large",500,59.3119595112602
"1257","Small",750,49.9227085499427
"1024","Medium",500,52.7313904940419
"239","VeryLarge",250,67.5252761014081
"2160","VerySmall",500,50.9333095868305
"2476","VerySmall",500,47.9007504576002
"67","VeryLarge",250,64.9460753568464
"1759","Small",750,51.4512555212945
"2366","VerySmall",500,45.5510405530556
"945","Medium",500,62.7153337224782
"150","VeryLarge",250,64.1692402665404
"2270","VerySmall",500,51.7085078906203
"2445","VerySmall",500,57.7783395521287
"1362","Small",750,49.3549236255363
"1610","Small",750,58.9467430212079
"1632","Small",750,51.2301280586049
"2297","VerySmall",500,43.95298426149
"298","Large",500,54.0630548880747
"68","VeryLarge",250,68.0331175534121
"168","VeryLarge",250,60.8883813497226
"1784","Small",750,49.42786211279
"280","Large",500,59.3395357637447
"1900","Small",750,48.2577674261272
"2456","VerySmall",500,58.1678315814712
"2188","VerySmall",500,53.5781463507748
"601","Large",500,63.6333235602085
"2154","VerySmall",500,60.2669086475804
"2141","VerySmall",500,48.3935218329607
"1344","Small",750,55.7223560987504
"2255","VerySmall",500,47.6277350526164
"409","Large",500,59.9296120979889
"1831","Small",750,40.1947528346964
"458","Large",500,59.0587991339467
"1689","Small",750,45.19464226771
"1502","Small",750,42.8797379451891
"27","VeryLarge",250,55.5170646142281
"900","Medium",500,55.173333714096
"130","VeryLarge",250,64.8618558333028
"936","Medium",500,58.8038894153138
"556","Large",500,58.1823129398974
"1262","Small",750,48.446057878859
"909","Medium",500,54.3347502094148
"1942","Small",750,48.3161455492295
"1412","Small",750,53.428761845309
"537","Large",500,49.6244219054955
"1474","Small",750,53.1644548371299
"440","Large",500,59.6094473435998
"100","VeryLarge",250,71.5529235754375
"1449","Small",750,51.7952047938684
"51","VeryLarge",250,58.9257102147993
"1676","Small",750,57.2519263340047
"1322","Small",750,43.3433470174597
"2031","VerySmall",500,52.1188954028784
"869","Medium",500,63.4229203931802
"328","Large",500,58.6775583348187
"657","Large",500,57.9046213881186
"983","Medium",500,61.001253927742
"1381","Small",750,50.7825545776828
"652","Large",500,65.8075812916774
"1709","Small",750,46.0769512660376
"2385","VerySmall",500,44.2114986375715
"2421","VerySmall",500,52.7180620401733
"1509","Small",750,57.8522782093214
"1145","Medium",500,51.9393792018204
"1666","Small",750,44.003071290932
"2204","VerySmall",500,43.6177414622996
"736","Large",500,59.049979789929
"2256","VerySmall",500,48.0671456077875
"1997","Small",750,46.763858588634
"2118","VerySmall",500,62.0915327056865
"1256","Small",750,43.6654385801797
"1998","Small",750,52.1016856312856
"998","Medium",500,52.9491981979207
"568","Large",500,59.7392490242721
"1618","Small",750,53.2260331546211
"760","Medium",500,52.9159885567757
"1011","Medium",500,54.1757365125144
"2082","VerySmall",500,53.2949398577493
"667","Large",500,56.7551303692769
"1214","Medium",500,62.701461562116
"1134","Medium",500,62.3713369528553
"301","Large",500,60.6341844265138
"2198","VerySmall",500,54.9152679505271
"90","VeryLarge",250,65.9299143233005
"1535","Small",750,44.2373047897567
"643","Large",500,63.6085139856783
"2338","VerySmall",500,55.9250967566091
"1557","Small",750,43.5726398272769
"1087","Medium",500,58.6889531298561
"782","Medium",500,50.8372348298333
"765","Medium",500,57.7230748655787
"1626","Small",750,55.1527779543765
"631","Large",500,65.7502108662218
"1339","Small",750,51.722309192835
"1172","Medium",500,54.4418691087583
"845","Medium",500,44.8584108264865
"333","Large",500,62.103476688929
"286","Large",500,62.0304390337023
"247","VeryLarge",250,58.4819551425286
"2053","VerySmall",500,53.3498128056194
"1128","Medium",500,54.306998031148
"1073","Medium",500,53.555639939737
"1021","Medium",500,54.9089618820759
"1501","Small",750,55.014370088244
"177","VeryLarge",250,65.3218304299526
"1504","Small",750,55.0568962626408
"1753","Small",750,48.8039605906461
"867","Medium",500,56.8053206676619
"870","Medium",500,59.952786772589
"2170","VerySmall",500,39.8655140883139
"1227","Medium",500,50.6087840424336
"1276","Small",750,49.5429680385014
"19","VeryLarge",250,71.4084418061654
"1982","Small",750,59.1330362636775
"2487","VerySmall",500,49.0890561133593
"1281","Small",750,47.6605467344485
"1905","Small",750,49.1617828510746
"1881","Small",750,44.4287128618347
"149","VeryLarge",250,68.322092804938
"1663","Small",750,48.8534934968366
"893","Medium",500,47.3477357115167
"2370","VerySmall",500,50.2882430710828
"165","VeryLarge",250,61.829036757129
"258","Large",500,59.1105112246696
"506","Large",500,65.4395147475949
"1733","Small",750,55.1823698802469
"1272","Small",750,39.5851531334503
"2051","VerySmall",500,54.8968278889584
"547","Large",500,59.648865076583
"1878","Small",750,54.9465179309804
"2234","VerySmall",500,49.2905987870297
"664","Large",500,65.4423486531166
"1551","Small",750,53.3815381505251
"1311","Small",750,53.5902146757372
"2047","VerySmall",500,47.7781826186134
"1716","Small",750,52.6025939056629
"1393","Small",750,54.0115846024584
"1005","Medium",500,59.5833359903103
"2313","VerySmall",500,44.5099188143659
"1877","Small",750,47.2095261183589
"2462","VerySmall",500,47.8586296662958
"773","Medium",500,56.6120904318523
"820","Medium",500,53.1544298724671
"91","VeryLarge",250,63.5714691443741
"2012","VerySmall",500,62.6442952021119
"160","VeryLarge",250,63.5322619420238
"1837","Small",750,54.2561465984444
"2367","VerySmall",500,50.1935265716465
"146","VeryLarge",250,67.940405113691
"1061","Medium",500,51.4251885561784
"1294","Small",750,46.5505708904827
"1944","Small",750,57.5947159117102
"697","Large",500,58.5018677160561
"1317","Small",750,48.85943969375
"1670","Small",750,44.8036440609725
"486","Large",500,60.444691206243
"1079","Medium",500,52.5309870005698
"1379","Small",750,48.2147478021128
"1149","Medium",500,43.3960912042075
"1913","Small",750,52.8039234814768
"2412","VerySmall",500,55.1571480554835
"1355","Small",750,49.8437548376189
"581","Large",500,53.6595865332523
"1860","Small",750,52.729448059505
"1291","Small",750,50.3725036557016
"1116","Medium",500,49.7996658283648
"1090","Medium",500,55.4625070624637
"2096","VerySmall",500,48.795630621399
"477","Large",500,64.9500071258186
"1715","Small",750,53.2997161255381
"523","Large",500,56.8822166299833
"2318","VerySmall",500,41.3929711450462
"268","Large",500,62.0293044311598
"1479","Small",750,59.2570390842499
"651","Large",500,62.3448536933981
"111","VeryLarge",250,66.9476475019323
"381","Large",500,63.257583030658
"1517","Small",750,52.8785489505221
"2368","VerySmall",500,46.0601938515474
"1230","Medium",500,51.9088279413159
"1695","Small",750,40.5559430587323
"1791","Small",750,43.7902613089812
"2461","VerySmall",500,48.1671860451782
"828","Medium",500,52.7266533622564
"1342","Small",750,51.1850175432123
"1165","Medium",500,59.6510516978296
"124","VeryLarge",250,63.4589053564794
"1426","Small",750,48.1246645875972
"1842","Small",750,46.6727267491257
"133","VeryLarge",250,65.1123756420143
"2261","VerySmall",500,40.1243585458262
"2449","VerySmall",500,51.5823997407058
"1491","Small",750,58.0894429617883
"1667","Small",750,57.956885721504
"599","Large",500,62.846485813999
"1400","Small",750,54.6052124944179
"1522","Small",750,49.487094947489
"1166","Medium",500,52.7327214179437
"758","Medium",500,52.4208629194732
"1796","Small",750,45.9713971276401
"1130","Medium",500,56.511614144576
"821","Medium",500,55.4727204112091
"1883","Small",750,44.4867930655762
"455","Large",500,61.1977328015654
"476","Large",500,52.3555572969349
"761","Medium",500,53.5512831574411
"1941","Small",750,46.0199454530271
"1598","Small",750,46.6211760553442
"671","Large",500,57.7189873665707
"442","Large",500,59.8473367317671
"1390","Small",750,54.163632244591
"2175","VerySmall",500,54.1984423462631
"825","Medium",500,57.6836459160851
"2315","VerySmall",500,47.4093333446487
"531","Large",500,68.1544282701511
"1601","Small",750,47.7594215299916
"380","Large",500,61.8411322290433
"1226","Medium",500,55.1811129164492
"1085","Medium",500,44.0199439345842
"747","Large",500,50.9449911341801
"993","Medium",500,50.9004656677574
"2248","VerySmall",500,42.4381118761802
"846","Medium",500,56.2657831274012
"1646","Small",750,53.5144347475567
"2238","VerySmall",500,54.1545464817519
"2216","VerySmall",500,49.8704583713343
"106","VeryLarge",250,67.6897020448918
"2190","VerySmall",500,48.7188410854199
"1268","Small",750,54.5908421964058
"2072","VerySmall",500,44.9465033358616
"64","VeryLarge",250,73.2850752478898
"863","Medium",500,51.0676762843987
"812","Medium",500,60.7877362989077
"855","Medium",500,53.4814359363618
"1711","Small",750,41.8787278234214
"1956","Small",750,50.9877134607711
"445","Large",500,55.0150619166729
"1039","Medium",500,53.9811044187041
"1539","Small",750,44.7385529949306
"2382","VerySmall",500,51.3638753975005
"189","VeryLarge",250,69.7449105933098
"360","Large",500,55.0710094645106
"790","Medium",500,52.202089740021
"366","Large",500,57.5773067853466
"226","VeryLarge",250,62.0839790511006
"510","Large",500,66.1942120525065
"53","VeryLarge",250,65.4586330393392
"1995","Small",750,45.343994104445
"1892","Small",750,48.6134678278485
"1325","Small",750,61.2686311901495
"295","Large",500,62.3213855459625
"780","Medium",500,53.2163377877394
"516","Large",500,63.2142835955551
"949","Medium",500,46.8041862024814
"2316","VerySmall",500,48.7423677608859
"604","Large",500,57.2794381027084
"1478","Small",750,55.6814057843138
"797","Medium",500,55.4295895439214
"1737","Small",750,52.3244079516025
"1735","Small",750,47.000345483138
"771","Medium",500,47.7276497623292
"522","Large",500,59.2009952264385
"565","Large",500,60.2070783594204
"732","Large",500,63.7936079315512
"1063","Medium",500,60.2114940458343
"1067","Medium",500,50.7458548054473
"1574","Small",750,58.1209806781279
"424","Large",500,57.1120234234827
"2174","VerySmall",500,45.415475377098
"97","VeryLarge",250,65.6220749717323
"1278","Small",750,42.9761477361439
"351","Large",500,57.2491045277061
"2283","VerySmall",500,50.260861558343
"579","Large",500,54.3383636387215
"1150","Medium",500,52.3105224240751
"2447","VerySmall",500,49.5399515438532
"369","Large",500,65.8593066770259
"2267","VerySmall",500,51.9309162119327
"1583","Small",750,52.9472732229331
"203","VeryLarge",250,59.9471331641029
"187","VeryLarge",250,66.7557475773368
"938","Medium",500,55.5366594112243
"1866","Small",750,45.3072163092923
"1016","Medium",500,56.4373507070995
"1593","Small",750,57.842124790515
"1854","Small",750,42.4105504715778
"922","Medium",500,57.4554246917707
"2273","VerySmall",500,46.2256731003975
"1566","Small",750,43.6859377446462
"1552","Small",750,50.3921631801092
"459","Large",500,69.5436176224153
"465","Large",500,59.4971675984553
"2277","VerySmall",500,56.5514778093644
"1012","Medium",500,53.9799309305673
"964","Medium",500,58.3309281628022
"1519","Small",750,52.8711671863667
"2258","VerySmall",500,53.5815717046353
"636","Large",500,59.1103815978958
"1279","Small",750,55.429824361577
"121","VeryLarge",250,64.2065354550417
"59","VeryLarge",250,68.9147107464947
"783","Medium",500,66.8466188814192
"36","VeryLarge",250,63.4512093236723
"1661","Small",750,44.8544305008215
"83","VeryLarge",250,65.9373078886707
"1503","Small",750,47.249483516025
"407","Large",500,61.8616761758586
"2021","VerySmall",500,47.1224644842858
"1780","Small",750,46.4375551175255
"710","Large",500,61.5203151881048
"1188","Medium",500,47.8352320282827
"87","VeryLarge",250,61.1680509192292
"1159","Medium",500,54.240744967004
"412","Large",500,61.566668881837
"503","Large",500,58.4498709388531
"1515","Small",750,44.2354529449029
"2427","VerySmall",500,54.1299867486939
"842","Medium",500,53.6822675358005
"210","VeryLarge",250,63.7706848428238
"1884","Small",750,59.3804643415486
"1349","Small",750,63.3239600857551
"224","VeryLarge",250,67.6868275521117
"890","Medium",500,56.8719415514953
"1816","Small",750,51.9090922819861
"1570","Small",750,55.5100175929071
"1022","Medium",500,58.5034512152098
"1561","Small",750,49.7391064565362
"2245","VerySmall",500,45.8636502780743
"1154","Medium",500,59.6588316344007
"1845","Small",750,51.9784266192919
"152","VeryLarge",250,62.9832179477711
"2459","VerySmall",500,49.9298319427058
"2135","VerySmall",500,54.6398251293284
"358","Large",500,64.5788885850795
"2116","VerySmall",500,57.27778410944
"1825","Small",750,41.3544931051551
"735","Large",500,65.4034498963616
"1558","Small",750,53.3639205580865
"116","VeryLarge",250,67.3096592829364
"1375","Small",750,45.0006760424038
"405","Large",500,61.4137904935601
"2457","VerySmall",500,50.6292468730788
"388","Large",500,55.9402840072512
"408","Large",500,59.5516925535583
"7","VeryLarge",250,72.2503403343297
"1271","Small",750,54.7231524063645
"78","VeryLarge",250,61.1976520124112
"1196","Medium",500,49.7701666375604
"2495","VerySmall",500,48.355584877488
"1757","Small",750,48.9078734368563
"2354","VerySmall",500,54.7924747342616
"1840","Small",750,42.9555537673308
"1600","Small",750,53.08984232086
"642","Large",500,50.6610182626992
"156","VeryLarge",250,61.35398052572
"49","VeryLarge",250,69.3680714594587
"2443","VerySmall",500,60.2682436084779
"994","Medium",500,55.7056459326792
"1222","Medium",500,56.2754834680103
"1382","Small",750,49.9907338146275
"802","Medium",500,50.9179405513767
"278","Large",500,61.0879618378882
"1041","Medium",500,43.7935644148658
"1760","Small",750,50.3710872732195
"577","Large",500,64.8881875013261
"700","Large",500,56.403878610538
"60","VeryLarge",250,62.609733152022
"2389","VerySmall",500,55.9618227628107
"315","Large",500,61.3415049161155
"2337","VerySmall",500,56.2668269137324
"1320","Small",750,52.062531253775
"897","Medium",500,52.4175940967212
"1581","Small",750,56.9887164691996
"2187","VerySmall",500,47.4598191375467
"79","VeryLarge",250,66.9455507793932
"24","VeryLarge",250,60.4437166169823
"2186","VerySmall",500,42.5214683899211
"319","Large",500,63.2030235861076
"1310","Small",750,47.0114236759512
"1861","Small",750,51.0581881940385
"1287","Small",750,50.0390178318123
"1152","Medium",500,52.4889394216846
"1936","Small",750,43.209318236902
"180","VeryLarge",250,64.457746662449
"1585","Small",750,52.131979136307
"793","Medium",500,52.3106515342724
"480","Large",500,61.0831650409933
"2054","VerySmall",500,54.7571288709477
"447","Large",500,60.0603945335465
"2011","VerySmall",500,49.2274446655294
"704","Large",500,64.7477843251922
"1469","Small",750,58.5262826203976
"173","VeryLarge",250,65.8838686837843
"105","VeryLarge",250,56.7725525207978
"2397","VerySmall",500,46.8651292769511
"2033","VerySmall",500,50.1771218860698
"1782","Small",750,51.2782238352169
"814","Medium",500,58.8717058575823
"1044","Medium",500,49.6179275082423
"1295","Small",750,53.9779665881508
"2230","VerySmall",500,47.2474326247349
"2191","VerySmall",500,45.9653471997304
"1492","Small",750,53.3574254114365
"1731","Small",750,50.7186145527344
"190","VeryLarge",250,58.9363542278299
"1450","Small",750,49.6109735478329
"1069","Medium",500,56.6966072588058
"202","VeryLarge",250,66.2079567695481
"2414","VerySmall",500,53.8623697940548
"1029","Medium",500,58.9459843586303
"1660","Small",750,45.0643297184295
"1422","Small",750,51.6203375171855
"590","Large",500,63.4681886937813
"672","Large",500,57.3617922534661
"1437","Small",750,47.3439299038932
"1584","Small",750,61.2902812127939
"1542","Small",750,57.3762420094487
"1059","Medium",500,56.6369875346966
"746","Large",500,56.1852866934289
"475","Large",500,70.7711099136257
"1345","Small",750,41.7111219856796
"80","VeryLarge",250,63.7404306265637
"390","Large",500,69.3738426964751
"1510","Small",750,56.9702580820591
"911","Medium",500,57.2816552983201
"2260","VerySmall",500,57.8525132999119
"134","VeryLarge",250,60.1589571041347
"1614","Small",750,52.5008586495334
"1014","Medium",500,59.9121174867302
"1684","Small",750,42.8571814269799
"2109","VerySmall",500,51.9382778956277
"2049","VerySmall",500,43.8064399409273
"2224","VerySmall",500,51.4146058431672
"1411","Small",750,50.9954614833277
"2332","VerySmall",500,42.39991003777
"1644","Small",750,52.065137834354
"1674","Small",750,58.3299261740855
"2065","VerySmall",500,43.8749076472919
"2469","VerySmall",500,45.7522273148576
"1918","Small",750,50.0180624794045
"1692","Small",750,47.1745892166663
"1902","Small",750,53.7929455802829
"555","Large",500,65.0941122539167
"991","Medium",500,50.3025552554934
"1717","Small",750,52.7930822805281
"614","Large",500,59.2691013790091
"2376","VerySmall",500,50.6504905207116
"1238","Medium",500,55.788563964272
"658","Large",500,62.1853356761504
"1919","Small",750,52.8894118079455
"1668","Small",750,46.7059937341812
"140","VeryLarge",250,62.2075822659967
"551","Large",500,66.4433997383231
"907","Medium",500,41.7212677315372
"1113","Medium",500,58.0028990326246
"498","Large",500,56.0861875299822
"1277","Small",750,49.3757205326171
"540","Large",500,59.8725762789557
"1562","Small",750,46.8012887436109
"457","Large",500,55.9935893958652
"594","Large",500,64.421906386025
"2293","VerySmall",500,47.3819340058501
"2294","VerySmall",500,48.2685211196855
"621","Large",500,61.829763971527
"1812","Small",750,49.2548916385637
"1032","Medium",500,58.482474308928
"1641","Small",750,46.8459379659022
"304","Large",500,63.9648570345414
"1599","Small",750,50.0938961222668
"527","Large",500,67.46987628776
"1839","Small",750,49.0583736422885
"702","Large",500,60.0799071169612
"2231","VerySmall",500,49.3958461509285
"1678","Small",750,56.2193391057051
"2220","VerySmall",500,52.9125875435406
"676","Large",500,67.1348203593097
"1681","Small",750,54.0361550125895
"1461","Small",750,46.9307601176618
"1315","Small",750,46.9761541476777
"1198","Medium",500,51.2562516761323
"806","Medium",500,47.248334870583
"2107","VerySmall",500,41.7707945962114
"1137","Medium",500,63.3457758709192
"1045","Medium",500,57.1970374539957
"1962","Small",750,49.3865723114136
"296","Large",500,56.164334979608
"1120","Medium",500,54.491836223704
"1389","Small",750,49.9555346386715
"391","Large",500,68.3860028556844
"1094","Medium",500,55.6111076204101
"1329","Small",750,50.7953429781985
"549","Large",500,65.7512466421027
"2251","VerySmall",500,54.2004407948134
"970","Medium",500,46.6984939419622
"1328","Small",750,45.0704974832359
"1507","Small",750,44.3942956769878
"338","Large",500,58.2133485709314
"1213","Medium",500,60.1738639090889
"1231","Medium",500,59.801339024507
"861","Medium",500,54.358551032724
"2016","VerySmall",500,49.1640726048058
"62","VeryLarge",250,65.6778997076513
"1020","Medium",500,56.5921292827497
"2098","VerySmall",500,47.0383945855026
"1371","Small",750,40.0751143702879
"1827","Small",750,55.5057863880388
"1624","Small",750,48.5229235372474
"800","Medium",500,54.4546577198811
"1302","Small",750,49.064691488626
"879","Medium",500,58.4922130567262
"1937","Small",750,49.542783912474
"1966","Small",750,42.2588380416282
"2280","VerySmall",500,47.6671446672055
"1879","Small",750,51.1310540262004
"1955","Small",750,41.0745034754841
"421","Large",500,54.2478283853159
"2465","VerySmall",500,51.3023496323204
"74","VeryLarge",250,60.0884230598974
"2451","VerySmall",500,51.1032790215475
"976","Medium",500,64.8631832334943
"892","Medium",500,48.0132145453419
"544","Large",500,66.1124258891594
"777","Medium",500,55.9112445976824
"1161","Medium",500,55.0500386254381
"1968","Small",750,54.022328952672
"1532","Small",750,58.1190253123901
"696","Large",500,53.6437519130538
"1865","Small",750,48.2908387773717
"2169","VerySmall",500,53.9833260335011
"1554","Small",750,48.8275448019683
"1249","Medium",500,53.8889539245566
"755","Medium",500,53.6357930530778
"1465","Small",750,45.0319503253499
"1408","Small",750,53.5509174693654
"954","Medium",500,56.0754010561835
"2253","VerySmall",500,48.2693359247487
"1380","Small",750,50.5766254860046
"622","Large",500,53.1595245183877
"1129","Medium",500,56.3640148762768
"1770","Small",750,43.6381624952921
"2330","VerySmall",500,49.1036681218252
"756","Medium",500,56.2448473546177
"1418","Small",750,46.1003405229274
"2020","VerySmall",500,54.1855673744331
"1888","Small",750,53.914727447589
"136","VeryLarge",250,65.8541705042731
"1498","Small",750,46.7911634755688
"1533","Small",750,58.6191962614124
"2212","VerySmall",500,51.1898593898724
"1750","Small",750,42.1573375890877
"240","VeryLarge",250,58.583881709773
"29","VeryLarge",250,59.6608173462919
"681","Large",500,57.2264250556239
"1848","Small",750,44.0121233393902
"2499","VerySmall",500,53.1702923588463
"277","Large",500,68.0958289966923
"2480","VerySmall",500,46.2609197997659
"772","Medium",500,57.032356453932
"2287","VerySmall",500,41.9701040876302
"996","Medium",500,60.8151436574184
"1445","Small",750,47.2792964479935
"199","VeryLarge",250,66.7304946545655
"1147","Medium",500,49.9999897725847
"1606","Small",750,47.7411321850541
"2193","VerySmall",500,43.3510365218374
"1343","Small",750,55.5809179021768
"2070","VerySmall",500,51.4981898366853
"1751","Small",750,51.7721589600587
"1049","Medium",500,53.1922858133567
"2289","VerySmall",500,56.2429375269717
"2279","VerySmall",500,49.701973181252
"466","Large",500,56.4480269380866
"144","VeryLarge",250,70.6493000857532
"979","Medium",500,61.0732603254163
"656","Large",500,64.946449825183
"1488","Small",750,52.3052675289607
"566","Large",500,59.4992303386524
"117","VeryLarge",250,60.4351062306932
"1587","Small",750,49.8331328807361
"1500","Small",750,58.4521245742914
"425","Large",500,49.2410914589391
"2037","VerySmall",500,60.7946012122068
"2062","VerySmall",500,41.265607998332
"1434","Small",750,47.2270451125277
"2411","VerySmall",500,48.3739629506474
"2377","VerySmall",500,48.7133876534906
"2240","VerySmall",500,54.3005134423532
"1109","Medium",500,54.2406181485618
"1573","Small",750,44.0975621458952
"1470","Small",750,54.2220566666492
"734","Large",500,63.6813209694819
"494","Large",500,55.9836170319407
"1191","Medium",500,54.1263712139635
"2468","VerySmall",500,52.6370338315194
"906","Medium",500,57.7659008819709
"2010","VerySmall",500,59.0170179192205
"1140","Medium",500,49.9149743473919
"1127","Medium",500,50.315328078754
"2448","VerySmall",500,46.5327388412309
"2400","VerySmall",500,49.9168435501645
"791","Medium",500,54.3958124279069
"781","Medium",500,53.6612575101546
"1261","Small",750,54.2795348442982
"1354","Small",750,44.389028369525
"745","Large",500,60.6822269883516
"142","VeryLarge",250,70.2223173447914
"2364","VerySmall",500,45.7693665663082
"472","Large",500,55.9384220122997
"345","Large",500,60.2186846144928
"634","Large",500,64.92107472352
"2208","VerySmall",500,49.0194715246305
"2444","VerySmall",500,54.1996790787542
"330","Large",500,57.0744820019966
"495","Large",500,58.3782759437488
"1809","Small",750,54.2251018284117
"1263","Small",750,53.1677959290568
"1981","Small",750,57.3577471960677
"135","VeryLarge",250,63.9049519941168
"1232","Medium",500,53.1219816097718
"1246","Medium",500,52.343211882799
"1903","Small",750,50.9377135037504
"274","Large",500,61.6387549221275
"698","Large",500,59.0800031539957
"1887","Small",750,48.386739970808
"2032","VerySmall",500,54.9573353172212
"1603","Small",750,42.3641323988955
"1415","Small",750,44.5519309852667
"532","Large",500,53.8511947996623
"1477","Small",750,48.2713264998111
"1813","Small",750,51.9554238528628
"2068","VerySmall",500,55.0997538863737
"1725","Small",750,44.86468354563
"675","Large",500,58.8797148902111
"2138","VerySmall",500,47.0169123367513
"2282","VerySmall",500,47.3968272061041
"1777","Small",750,47.9870592718841
"2142","VerySmall",500,51.0737015526333
"721","Large",500,66.0443332507893
"1706","Small",750,51.3377731232305
"1933","Small",750,44.8469334531565
"595","Large",500,65.6646774745047
"1595","Small",750,42.1751202550088
"2369","VerySmall",500,51.1131914721194
"103","VeryLarge",250,61.7722491118281
"830","Medium",500,59.0596773303546
"2404","VerySmall",500,55.6581722990896
"1413","Small",750,43.9230179724266
"2393","VerySmall",500,52.0204026557769
"862","Medium",500,59.3138887795785
"433","Large",500,63.2584659385105
"1886","Small",750,56.4945826720182
"1961","Small",750,45.4355867189629
"1350","Small",750,52.0179626582099
"2239","VerySmall",500,40.7925965428398
"661","Large",500,61.8034470988451
"706","Large",500,55.923853518618
"1038","Medium",500,56.3226032879844
"2105","VerySmall",500,40.3265785289607
"2091","VerySmall",500,55.8466853975832
"1043","Medium",500,48.7636448866926
"2002","VerySmall",500,50.6278941844645
"626","Large",500,64.674920625896
"250","VeryLarge",250,60.3098566329557
"313","Large",500,63.2915351938811
"350","Large",500,56.7060655011257
"2028","VerySmall",500,47.6808337376052
"1926","Small",750,49.7290066910211
"1118","Medium",500,61.5257888273831
"1605","Small",750,49.67463564201
"957","Medium",500,53.82610458733
"1170","Medium",500,52.9779344101495
"2038","VerySmall",500,49.560620034112
"1338","Small",750,45.3016934040053
"864","Medium",500,51.385026009433
"1243","Medium",500,54.0450693603251
"2166","VerySmall",500,52.6355081174356
"688","Large",500,51.4271912870508
"1201","Medium",500,51.5536528238457
"1742","Small",750,57.2089535258382
"291","Large",500,62.8835341896682
"1505","Small",750,43.2400502144163
"1397","Small",750,55.5844418242384
"58","VeryLarge",250,64.5256919519373
"1023","Medium",500,56.26348851469
"2429","VerySmall",500,51.2832094824422
"591","Large",500,63.8835966684426
"1468","Small",750,47.3189127301097
"471","Large",500,61.2567476069232
"920","Medium",500,62.5001785918762
"234","VeryLarge",250,61.0815617672212
"309","Large",500,72.3827317348048
"2275","VerySmall",500,49.7515347492923
"2284","VerySmall",500,46.9567525885656
"2307","VerySmall",500,43.3115279479473
"1967","Small",750,49.7552499941147
"2153","VerySmall",500,43.8255106244794
"1946","Small",750,56.9863843290113
"1410","Small",750,48.2560015984005
"1665","Small",750,49.2278194744503
"570","Large",500,54.9044237139437
"1065","Medium",500,57.4424259538888
"1097","Medium",500,57.862297405547
"1613","Small",750,50.0298087444868
"2184","VerySmall",500,43.6816046759387
"1169","Medium",500,69.2554909430586
"1494","Small",750,52.8030703155291
"1963","Small",750,51.9572682087346
"128","VeryLarge",250,61.8385352701179
"750","Large",500,60.945153682374
"175","VeryLarge",250,69.8310142191574
"1693","Small",750,51.8988718592878
"743","Large",500,55.1906891363604
"720","Large",500,54.2009421639868
"1053","Medium",500,56.3303745330944
"1977","Small",750,55.0461458531853
"2327","VerySmall",500,47.4262868469903
"1409","Small",750,37.7800729552746
"1009","Medium",500,56.8697556083861
"1168","Medium",500,51.707410021984
"267","Large",500,56.0839349054963
"1708","Small",750,53.7710175333606
"881","Medium",500,59.6719665158028
"1530","Small",750,45.457220763689
"2426","VerySmall",500,53.3791231456865
"1157","Medium",500,49.8058290717807
"2491","VerySmall",500,56.2449421397811
"1543","Small",750,48.9695598952508
"1940","Small",750,50.2122559768164
"1251","Small",750,49.6105003670179
"1657","Small",750,58.8984826029674
"1615","Small",750,49.6041134518522
"1694","Small",750,50.3569224264078
"2052","VerySmall",500,39.5787769935053
"1106","Medium",500,61.4317178824435
"430","Large",500,58.2375351328206
"1384","Small",750,48.5950219381711
"1638","Small",750,36.5856949327476
"2061","VerySmall",500,49.2607189950654
"2384","VerySmall",500,41.3910136546394
"1724","Small",750,45.6110671621955
"395","Large",500,63.1200174217763
"1592","Small",750,51.0005256689925
"1634","Small",750,49.3218377058637
"208","VeryLarge",250,65.8518665787695
"1876","Small",750,37.4726681463216
"2203","VerySmall",500,47.9531815339607
"1211","Medium",500,56.9663180584285
"2046","VerySmall",500,41.9606083667115
"978","Medium",500,51.981190411735
"2015","VerySmall",500,49.866615651795
"435","Large",500,53.7061992563871
"2155","VerySmall",500,58.3682573505965
"1425","Small",750,52.9238898378829
"38","VeryLarge",250,69.9226395896672
"2039","VerySmall",500,52.3682347791969
"654","Large",500,58.8633435298821
"558","Large",500,53.0854028022397
"1656","Small",750,44.8517954185267
"2378","VerySmall",500,43.7996393625524
"757","Medium",500,51.1922498478503
"662","Large",500,62.042749203003
"2026","VerySmall",500,52.5742554241303
"1485","Small",750,60.3427119058714
"729","Large",500,56.6065345068528
"47","VeryLarge",250,60.3780173220536
"285","Large",500,60.4863230447673
"2381","VerySmall",500,46.5275688008086
"620","Large",500,60.1043089599207
"1819","Small",750,52.275316210343
"872","Medium",500,55.4767962313166
"2303","VerySmall",500,55.5401639612211
"1658","Small",750,48.4004832843756
"871","Medium",500,58.8778956275985
"171","VeryLarge",250,63.9470462975097
"2334","VerySmall",500,54.3654568580692
"197","VeryLarge",250,69.3409211632365
"1466","Small",750,58.9865460855825
"1984","Small",750,49.4218111119313
"767","Medium",500,59.7367818480873
"518","Large",500,61.6753580541781
"2219","VerySmall",500,54.4261965363999
"2263","VerySmall",500,48.2640149092056
"2355","VerySmall",500,53.4912742446693
"2144","VerySmall",500,54.0126433701524
"219","VeryLarge",250,66.8568537029178
"1826","Small",750,53.8080806794698
"981","Medium",500,55.5323717515135
"1401","Small",750,43.5318938347146
"2089","VerySmall",500,48.5415892068468
"1367","Small",750,41.9316356274672
"875","Medium",500,45.7597777744277
"2150","VerySmall",500,50.8256483483973
"995","Medium",500,48.6695173040136
"273","Large",500,59.9576233731587
"564","Large",500,58.3452329564982
"792","Medium",500,51.5534801609846
"629","Large",500,59.9715638004786
"420","Large",500,59.559772454984
"538","Large",500,58.8719428533461
"977","Medium",500,54.6051887146647
"819","Medium",500,50.9535551623794
"1980","Small",750,44.1915903490338
"2156","VerySmall",500,44.8906776370284
"874","Medium",500,53.217092841527
"942","Medium",500,50.5468809179313
"2298","VerySmall",500,54.3611471107652
"1356","Small",750,46.5181556381148
"2092","VerySmall",500,48.4605631334642
"1683","Small",750,48.1792416509228
"410","Large",500,60.3293131574399
"220","VeryLarge",250,70.5058965744743
"1194","Medium",500,48.8142157595459
"1630","Small",750,46.391767594006
"786","Medium",500,58.6436931057832
"1596","Small",750,50.2406093935617
"2342","VerySmall",500,51.1160874236577
"619","Large",500,66.9293338167159
"214","VeryLarge",250,63.9417814411068
"1301","Small",750,42.250467686233
"2336","VerySmall",500,56.4924604159826
"1720","Small",750,51.7821663346492
"98","VeryLarge",250,59.2450330406544
"1855","Small",750,43.5034746182694
"1628","Small",750,48.8972125287116
"946","Medium",500,52.2014497682639
"887","Medium",500,53.8270435600497
"1184","Medium",500,58.2717273920046
"1556","Small",750,52.4680332568197
"42","VeryLarge",250,65.0438510300848
"1282","Small",750,55.5580025042227
"752","Medium",500,49.0285763381008
"2063","VerySmall",500,42.5106764474407
"1612","Small",750,47.2817675952474
"1810","Small",750,52.5643909150676
"1192","Medium",500,55.3656759226689
"582","Large",500,58.2745122727005
"1239","Medium",500,54.6423846185059
"232","VeryLarge",250,65.5941955727452
"2050","VerySmall",500,42.3760286515207
"1544","Small",750,49.7418170909801
"2094","VerySmall",500,36.0422883889563
"1454","Small",750,57.8350864687873
"1331","Small",750,48.5322839933939
"2425","VerySmall",500,42.3459382267616
"308","Large",500,47.3271533548677
"2128","VerySmall",500,46.1781004052812
"2058","VerySmall",500,45.0823100272335
"157","VeryLarge",250,64.0653558524465
"1798","Small",750,57.2974935072013
"1160","Medium",500,54.6022857654715
"1576","Small",750,50.6712227303874
"464","Large",500,63.9647266538382
"231","VeryLarge",250,72.3523622324639
"1057","Medium",500,55.3682287288466
"2269","VerySmall",500,54.3470991995367
"1959","Small",750,50.1857874648279
"1579","Small",750,41.8339830872439
"26","VeryLarge",250,59.6541361406351
"1722","Small",750,47.1839680542988
"1740","Small",750,50.1198755338866
"2326","VerySmall",500,42.8019987693138
"1176","Medium",500,53.3080588750857
"1235","Medium",500,44.2576030866783
"1898","Small",750,42.8408061846414
"1010","Medium",500,56.8132669526716
"341","Large",500,54.0757474382441
"1229","Medium",500,52.6358422938289
"403","Large",500,63.9738810206993
"1125","Medium",500,61.6947832374123
"810","Medium",500,48.9319114190535
"1204","Medium",500,55.0645964076056
"1531","Small",750,54.4290334146744
"882","Medium",500,53.0412522106626
"297","Large",500,59.7540247889528
"1068","Medium",500,53.8749921178263
"1203","Medium",500,61.4372966355194
"355","Large",500,58.8489804513023
"592","Large",500,54.0619499084826
"367","Large",500,57.2941965794793
"2257","VerySmall",500,47.7179713132913
"88","VeryLarge",250,65.4756439277105
"588","Large",500,59.7764411740138
"1007","Medium",500,54.6799344977542
"851","Medium",500,50.4283100323773
"1427","Small",750,47.3323222485523
"1035","Medium",500,52.2976507361297
"110","VeryLarge",250,71.880527459835
"361","Large",500,59.8020543057004
"1910","Small",750,48.6189113923519
"265","Large",500,60.1414845733837
"17","VeryLarge",250,65.7510913388469
"904","Medium",500,57.5831603295144
"779","Medium",500,53.8931221607153
"1734","Small",750,53.5654600667477
"2498","VerySmall",500,42.6816300024027
"1988","Small",750,56.3895775093614
"122","VeryLarge",250,61.1835530154729
"1361","Small",750,52.8612352259899
"118","VeryLarge",250,64.6063568456631
"1245","Medium",500,59.0499386390429
"624","Large",500,49.9119130852706
"539","Large",500,59.665958763202
"1062","Medium",500,49.2681040627625
"1180","Medium",500,57.6184024900498
"751","Medium",500,63.5818384651789
"1077","Medium",500,60.2626432648579
"917","Medium",500,57.7464597835085
"179","VeryLarge",250,68.8276884899057
"1309","Small",750,40.6561391202455
"1182","Medium",500,55.1205047721878
"2317","VerySmall",500,53.8191472627967
"2485","VerySmall",500,48.0756390905972
"921","Medium",500,57.8324060479636
"1185","Medium",500,58.3623654703435
"2018","VerySmall",500,47.3844670258172
"576","Large",500,64.1986323643927
"314","Large",500,59.5459791935723
"365","Large",500,58.7971509213166
"479","Large",500,62.3209664667525
"1958","Small",750,50.5185733139965
"2229","VerySmall",500,58.6573733191244
"337","Large",500,59.0509365489913
"86","VeryLarge",250,62.3040978524685
"4","VeryLarge",250,65.9847674009673
"609","Large",500,58.24817409692
"713","Large",500,62.7882467239689
"1824","Small",750,47.0274903042774
"705","Large",500,64.1249614339343
"1307","Small",750,49.0174591102382
"1832","Small",750,51.0970686156124
"1685","Small",750,47.0902403147817
"2474","VerySmall",500,47.934032350428
"2152","VerySmall",500,53.5333904152781
"740","Large",500,56.6571182869965
"1590","Small",750,57.1268321812529
"1334","Small",750,47.3122265583533
"2189","VerySmall",500,50.9063849550598
"2084","VerySmall",500,51.567499891611
"934","Medium",500,60.6996037488913
"2164","VerySmall",500,52.445612913344
"1399","Small",750,50.8384509439531
"1815","Small",750,54.8734483696871
"1296","Small",750,54.7399560580076
"1743","Small",750,54.978285999512
"1326","Small",750,52.8989688624773
"2328","VerySmall",500,47.1517319835695
"2181","VerySmall",500,45.3848497392499
"1627","Small",750,48.0672150711725
"2009","VerySmall",500,48.247388771979
"2228","VerySmall",500,44.0895480140556
"1680","Small",750,51.6924929556588
"2085","VerySmall",500,57.9819391295898
"1950","Small",750,44.6969440238287
"1259","Small",750,46.6231239639936
"545","Large",500,58.9863473341591
"628","Large",500,59.1671170539085
"2165","VerySmall",500,49.9572268264399
"1622","Small",750,55.0034856287005
"2422","VerySmall",500,47.0389769442918
"648","Large",500,56.6923189599451
"2100","VerySmall",500,43.666455244233
"1768","Small",750,58.1862516518685
"687","Large",500,62.2137190601103
"929","Medium",500,55.6218984504517
"72","VeryLarge",250,70.9137197273237
"1636","Small",750,48.2392966649501
"517","Large",500,52.9764061540618
"307","Large",500,60.3057315461354
"2281","VerySmall",500,58.032253734196
"627","Large",500,59.7371902928412
"1954","Small",750,50.6947679422645
"571","Large",500,57.1435262405361
"548","Large",500,49.55235854764
"56","VeryLarge",250,59.3761755213402
"1497","Small",750,42.254888992716
"1553","Small",750,45.333621355039
"1076","Medium",500,50.7053831830702
"716","Large",500,58.4459026390586
"541","Large",500,54.9800493820822
"808","Medium",500,50.1848283117994
"1042","Medium",500,68.0181654185827
"132","VeryLarge",250,63.2791540777564
"1190","Medium",500,57.7554127643908
"416","Large",500,53.3279007504747
"1388","Small",750,49.7843020402239
"1443","Small",750,55.2768229328913
"200","VeryLarge",250,69.0125268041272
"204","VeryLarge",250,62.0053459722794
"1790","Small",750,51.1668317291575
"910","Medium",500,53.9824812829117
"1173","Medium",500,61.5242872852861
"1686","Small",750,46.2918785998279
"1472","Small",750,42.5469711791498
"2402","VerySmall",500,52.9918006943926
"1064","Medium",500,54.8859255293768
"1778","Small",750,51.6184198294729
"1441","Small",750,58.4746210979115
"2195","VerySmall",500,55.6341744686754
"725","Large",500,61.8616066884165
"1987","Small",750,47.7667126411563
"46","VeryLarge",250,72.9283576514235
"2324","VerySmall",500,52.6603618771911
"615","Large",500,56.5798737945501
"2183","VerySmall",500,52.5247275141283
"2347","VerySmall",500,52.8422841441604
"163","VeryLarge",250,63.6620959176948
"1572","Small",750,54.6029527057012
"641","Large",500,59.611537481369
"707","Large",500,57.8575875414765
"919","Medium",500,58.0264144979173
"30","VeryLarge",250,67.5446928441278
"2407","VerySmall",500,46.2228956349555
"16","VeryLarge",250,66.8897099674426
"901","Medium",500,54.47958657603
"719","Large",500,57.4657808540838
"610","Large",500,66.0591254885809
"748","Large",500,61.3883872674013
"497","Large",500,61.9914484893058
"686","Large",500,62.6066066287458
"1025","Medium",500,59.1994750020652
"2235","VerySmall",500,46.6419647044103
"359","Large",500,60.9919487997345
"1034","Medium",500,44.3600488441462
"493","Large",500,60.6098455640149
"143","VeryLarge",250,68.5871024185
"2463","VerySmall",500,50.8594272012134
"508","Large",500,65.666424407531
"1274","Small",750,51.0120837157992
"393","Large",500,59.8548378486532
"2308","VerySmall",500,39.2953485223201
"1560","Small",750,45.230931623613
"1671","Small",750,51.2209057356547
"50","VeryLarge",250,62.1795234095135
"972","Medium",500,53.7990016904308
"1594","Small",750,55.1435726369946
"262","Large",500,59.2714742369752
"1577","Small",750,46.467888844793
"630","Large",500,57.8729007881736
"1645","Small",750,49.8654917411225
"1643","Small",750,51.2708542846687
"1119","Medium",500,57.7104532006021
"431","Large",500,59.841219171657
"1633","Small",750,45.5088679566098
"1432","Small",750,58.8736205188408
"196","VeryLarge",250,64.7013625917605
"1765","Small",750,49.025226518483
"2373","VerySmall",500,45.3725340777795
"1144","Medium",500,55.1792799266414
"542","Large",500,57.8003383620826
"905","Medium",500,55.5980527886451
"1597","Small",750,56.2282501860805
"915","Medium",500,54.7237180676949
"2014","VerySmall",500,58.0005377971429
"194","VeryLarge",250,74.1460654721971
"474","Large",500,53.1979797632475
"1655","Small",750,42.2844009132664
"811","Medium",500,58.5971941536483
"263","Large",500,51.5565822395361
"554","Large",500,56.6365175393922
"1773","Small",750,51.7720545874214
"242","VeryLarge",250,63.0185167198391
"2019","VerySmall",500,53.6951621002146
"2375","VerySmall",500,39.4385290186183
"1555","Small",750,49.6109247969414
"373","Large",500,59.3946682969216
"2490","VerySmall",500,48.6107597673072
"292","Large",500,58.005561115825
"575","Large",500,53.1321487272163
"1264","Small",750,48.7642729697211
"2071","VerySmall",500,43.9586525315354
"1115","Medium",500,52.0913037068104
"1697","Small",750,60.5802745253509
"145","VeryLarge",250,72.171772697307
"1523","Small",750,49.0333076517479
"2178","VerySmall",500,39.7940706420901
"1890","Small",750,55.6960758263319
"1817","Small",750,51.4483574212083
"415","Large",500,60.4840855844063
"598","Large",500,59.7000317590305
"1496","Small",750,52.7856442143864
"711","Large",500,60.3352555233754
"2482","VerySmall",500,44.363130879069
"1453","Small",750,61.3279252691208
"2077","VerySmall",500,49.0587667765483
"1779","Small",750,53.7823053217152
"695","Large",500,57.150760652224
"2201","VerySmall",500,48.1878080767271
"82","VeryLarge",250,66.6044466777628
"2363","VerySmall",500,46.989070208994
"423","Large",500,62.3804618453119
"1070","Medium",500,51.8781497447886
"2078","VerySmall",500,47.8955422631968
"456","Large",500,57.2441004049658
"1756","Small",750,41.5617179163343
"48","VeryLarge",250,60.2838850945335
"1457","Small",750,40.4489487924365
"572","Large",500,75.2757835828589
"1924","Small",750,39.578535830707
"2030","VerySmall",500,55.2157639895858
"1923","Small",750,52.5188377352882
"944","Medium",500,57.5470975477672
"434","Large",500,58.6669927917445
"1237","Medium",500,62.3140388263291
"439","Large",500,52.2975757529362
"2140","VerySmall",500,46.8227309737703
"1459","Small",750,44.3158329210229
"749","Large",500,56.1697807902347
"2221","VerySmall",500,44.4728892854345
"2340","VerySmall",500,49.1475580635247
"928","Medium",500,52.0293695079059
"877","Medium",500,55.7035507894116
"766","Medium",500,60.1387055277516
"1209","Medium",500,50.3258956870756
"2361","VerySmall",500,43.2606295371666
"1993","Small",750,51.5472648422559
"712","Large",500,56.8129863291699
"553","Large",500,58.33618009139
"300","Large",500,60.9220915657233
"1629","Small",750,58.1427141284899
"448","Large",500,60.7344690732049
"826","Medium",500,50.7978570755466
"817","Medium",500,52.5971024142332
"789","Medium",500,55.565100954701
"2161","VerySmall",500,47.3992913240129
"172","VeryLarge",250,64.9673653686093
"432","Large",500,61.6962517960564
"1662","Small",750,53.0775637184903
"678","Large",500,59.1761951047149
"839","Medium",500,52.8050852438691
"1705","Small",750,47.3564921590588
"980","Medium",500,49.1034981407988
"1323","Small",750,59.1434817956126
"2131","VerySmall",500,52.7207872400836
"233","VeryLarge",250,67.4813351750576
"2395","VerySmall",500,53.0957788122083
"1392","Small",750,54.6767074375012
"2460","VerySmall",500,50.3869353108363
"515","Large",500,52.9486931117333
"1907","Small",750,53.7391517939073
"269","Large",500,62.1230634910483
