ID,size,sizecount,score
1027,Medium,500,60.45798305
257,Large,500,60.39479632
1852,Small,750,53.59608698
1199,Medium,500,51.08331619
2473,VerySmall,500,38.82842705
2494,VerySmall,500,43.05015555
81,VeryLarge,250,71.43246222
1896,Small,750,49.01649019
1688,Small,750,63.84886056
2434,VerySmall,500,46.13338269
1368,Small,750,53.46591747
1853,Small,750,47.43625547
1376,Small,750,53.47865485
451,Large,500,57.03328091
52,VeryLarge,250,69.39658551
822,Medium,500,61.34526877
255,Large,500,57.1135315
1473,Small,750,53.18381612
1856,Small,750,42.41234673
1893,Small,750,47.81503986
525,Large,500,62.95680032
1829,Small,750,57.68625457
2083,VerySmall,500,46.22062195
2268,VerySmall,500,47.54936411
2274,VerySmall,500,57.36084373
1747,Small,750,48.52271147
1013,Medium,500,60.12107472
1952,Small,750,51.6948645
1404,Small,750,46.51650589
961,Medium,500,58.00961536
488,Large,500,59.59194582
1885,Small,750,46.9168266
1571,Small,750,53.99447721
824,Medium,500,54.49081122
1939,Small,750,52.59919026
2271,VerySmall,500,52.20679141
1086,Medium,500,64.47328188
1836,Small,750,55.8330372
2024,VerySmall,500,50.12839076
2323,VerySmall,500,46.2835287
1476,Small,750,46.95818463
1056,Medium,500,50.22315955
529,Large,500,57.82149166
1336,Small,750,55.45423505
560,Large,500,54.74185514
933,Medium,500,53.29034868
305,Large,500,63.83626898
1158,Medium,500,47.86490953
2001,VerySmall,500,54.30280921
1151,Medium,500,51.69781821
484,Large,500,64.54808314
115,VeryLarge,250,66.78522127
644,Large,500,61.52883404
2344,VerySmall,500,56.06650171
191,VeryLarge,250,64.42698065
76,VeryLarge,250,58.2560651
896,Medium,500,53.40116728
1416,Small,750,48.59336707
2450,VerySmall,500,41.14832448
1621,Small,750,52.20607518
417,Large,500,59.8333136
1460,Small,750,43.30868527
1699,Small,750,56.07098507
959,Medium,500,58.48168869
703,Large,500,54.99672058
916,Medium,500,45.86311202
1691,Small,750,53.98595498
256,Large,500,62.67082191
1649,Small,750,42.336719
1727,Small,750,50.29401423
578,Large,500,57.85651917
1048,Medium,500,52.56788599
169,VeryLarge,250,65.9365643
1912,Small,750,42.85895019
1801,Small,750,57.84463673
1205,Medium,500,49.579143
691,Large,500,61.96457681
1525,Small,750,50.80186865
694,Large,500,53.23523258
1088,Medium,500,55.16331031
2358,VerySmall,500,43.00756859
245,VeryLarge,250,61.96706088
2172,VerySmall,500,54.92200385
1304,Small,750,50.47110569
346,Large,500,57.36550161
411,Large,500,62.0690467
2206,VerySmall,500,55.52916162
685,Large,500,67.15989933
334,Large,500,56.98483175
2130,VerySmall,500,52.82831355
1439,Small,750,55.31918348
1003,Medium,500,53.05452837
2211,VerySmall,500,52.79062413
741,Large,500,56.00431737
1973,Small,750,40.06988227
340,Large,500,59.32466389
1721,Small,750,60.58222947
2325,VerySmall,500,51.40191383
489,Large,500,60.4502963
2056,VerySmall,500,45.12967088
990,Medium,500,60.0213365
1639,Small,750,50.46933449
1463,Small,750,59.42460118
259,Large,500,64.61318303
55,VeryLarge,250,65.69755203
2222,VerySmall,500,52.06547414
1499,Small,750,46.19698705
1989,Small,750,61.79821246
349,Large,500,54.99082276
2064,VerySmall,500,51.29343789
798,Medium,500,47.48415535
950,Medium,500,59.84089611
195,VeryLarge,250,63.5425365
1847,Small,750,54.09573073
1540,Small,750,46.7254352
1752,Small,750,43.38205819
2225,VerySmall,500,49.81902666
453,Large,500,46.66925744
1635,Small,750,44.03593482
853,Medium,500,51.24230059
1642,Small,750,58.08985013
1863,Small,750,48.01712803
709,Large,500,59.14503318
248,VeryLarge,250,65.03244355
1265,Small,750,56.56339167
2401,VerySmall,500,43.82466712
918,Medium,500,57.67868244
1971,Small,750,39.86072237
834,Medium,500,57.6033282
306,Large,500,61.66438615
1647,Small,750,46.12070428
227,VeryLarge,250,61.87160295
809,Medium,500,58.64879697
1932,Small,750,51.07618964
1996,Small,750,48.54011939
2254,VerySmall,500,52.55741852
1783,Small,750,51.05965087
377,Large,500,59.5442051
1569,Small,750,50.00313316
1807,Small,750,46.76485696
2023,VerySmall,500,42.60519406
1193,Medium,500,57.38566863
1253,Small,750,60.02053632
2441,VerySmall,500,49.10658063
2266,VerySmall,500,43.61790384
1124,Medium,500,54.31275978
2341,VerySmall,500,48.09297374
1430,Small,750,55.33219138
1889,Small,750,45.96540581
2095,VerySmall,500,47.17206139
1679,Small,750,49.04516921
153,VeryLarge,250,65.83166422
1604,Small,750,53.69511321
429,Large,500,48.82237063
1091,Medium,500,60.6323407
586,Large,500,64.88639045
501,Large,500,62.86766919
209,VeryLarge,250,69.87603384
336,Large,500,62.42439434
728,Large,500,49.37426494
562,Large,500,49.95914242
924,Medium,500,58.80453198
1475,Small,750,50.14716868
868,Medium,500,57.80223776
1340,Small,750,45.27097433
801,Medium,500,49.03509165
1788,Small,750,44.88550334
1273,Small,750,56.62491332
1218,Medium,500,45.22742637
573,Large,500,58.94235834
1241,Medium,500,54.30573002
1849,Small,750,50.33798387
638,Large,500,57.90520236
2180,VerySmall,500,57.85288523
647,Large,500,63.43191334
1398,Small,750,42.6031829
131,VeryLarge,250,65.7814754
326,Large,500,59.75865898
2470,VerySmall,500,53.80170293
1006,Medium,500,47.58422263
534,Large,500,63.33658065
109,VeryLarge,250,65.12377936
754,Medium,500,48.41401444
40,VeryLarge,250,61.33339783
155,VeryLarge,250,69.22066418
1254,Small,750,43.11400719
75,VeryLarge,250,66.21041144
1280,Small,750,48.22630806
2300,VerySmall,500,45.11587517
1327,Small,750,50.67686047
1004,Medium,500,55.26535899
1761,Small,750,53.1570147
2236,VerySmall,500,44.96138813
852,Medium,500,53.30433706
1534,Small,750,53.35522773
886,Medium,500,55.84991548
1945,Small,750,49.0359372
252,Large,500,59.21409826
1162,Medium,500,48.09619177
1792,Small,750,47.04816011
312,Large,500,59.04190089
2365,VerySmall,500,53.22431497
402,Large,500,58.65598373
9,VeryLarge,250,67.57061339
939,Medium,500,61.30052772
371,Large,500,53.90979309
2392,VerySmall,500,46.26301534
2247,VerySmall,500,50.33595272
526,Large,500,59.8412273
382,Large,500,53.74777457
1564,Small,750,46.20709206
28,VeryLarge,250,67.55493859
302,Large,500,51.920409
316,Large,500,65.22075592
1270,Small,750,43.7731451
452,Large,500,64.5473621
663,Large,500,51.71293231
2475,VerySmall,500,39.82249948
1953,Small,750,48.62927242
1431,Small,750,47.33334078
444,Large,500,56.25711275
332,Large,500,56.91237551
2428,VerySmall,500,49.15527815
1026,Medium,500,52.60922479
2453,VerySmall,500,58.48375985
829,Medium,500,44.15497559
1880,Small,750,46.5553594
2075,VerySmall,500,53.85735118
1930,Small,750,50.19556693
519,Large,500,65.40620964
718,Large,500,64.45161049
35,VeryLarge,250,63.97604253
1208,Medium,500,55.09995349
276,Large,500,60.92626948
1240,Medium,500,53.07943658
1337,Small,750,43.97675462
1353,Small,750,53.65211612
605,Large,500,60.75348774
2066,VerySmall,500,43.85432329
1197,Medium,500,53.22100515
1675,Small,750,48.42259466
1156,Medium,500,58.76292589
1811,Small,750,54.81645381
69,VeryLarge,250,63.64473048
1102,Medium,500,56.26033357
1074,Medium,500,46.74405706
850,Medium,500,58.01614238
1616,Small,750,51.42309556
1528,Small,750,58.76654029
1225,Medium,500,54.81817084
690,Large,500,55.84561985
1250,Medium,500,49.78278302
2299,VerySmall,500,54.66751951
148,VeryLarge,250,60.77404716
2121,VerySmall,500,55.49885012
2093,VerySmall,500,48.44533642
1707,Small,750,52.27680562
1917,Small,750,56.86890472
2452,VerySmall,500,43.38294328
2306,VerySmall,500,51.82456143
84,VeryLarge,250,65.68813079
584,Large,500,55.1402743
2319,VerySmall,500,55.49504976
857,Medium,500,58.32712293
343,Large,500,57.66548062
1763,Small,750,59.48561323
1089,Medium,500,50.65420758
31,VeryLarge,250,61.39148755
123,VeryLarge,250,69.95432156
352,Large,500,57.20882219
1764,Small,750,55.30159388
1682,Small,750,43.82524138
1916,Small,750,50.79803956
1651,Small,750,44.64671494
926,Medium,500,55.98199101
1482,Small,750,46.42799902
6,VeryLarge,250,67.60877211
1255,Small,750,49.47062088
1387,Small,750,48.3111057
1673,Small,750,49.9541
284,Large,500,63.11310387
1969,Small,750,53.46911343
844,Medium,500,48.39363715
514,Large,500,59.83713113
763,Medium,500,56.6261922
2185,VerySmall,500,50.30667309
2126,VerySmall,500,43.35791395
774,Medium,500,52.05358023
1319,Small,750,44.71258079
1951,Small,750,45.4217721
603,Large,500,62.79358221
1275,Small,750,49.00555129
1386,Small,750,60.54845058
962,Medium,500,60.7754244
563,Large,500,61.24505874
1019,Medium,500,47.08309067
368,Large,500,60.80113122
2301,VerySmall,500,49.24313181
2213,VerySmall,500,48.71402355
32,VeryLarge,250,62.81353356
1957,Small,750,50.83109399
683,Large,500,59.95581262
279,Large,500,53.51839622
2295,VerySmall,500,47.76640796
2249,VerySmall,500,46.42659944
715,Large,500,62.22472103
2197,VerySmall,500,48.45149552
1797,Small,750,57.90762508
2356,VerySmall,500,46.83279871
2471,VerySmall,500,47.76321494
1171,Medium,500,53.93025073
1131,Medium,500,55.80284357
1874,Small,750,46.54223591
1687,Small,750,45.51225194
1518,Small,750,58.7234034
1631,Small,750,53.90236841
139,VeryLarge,250,66.14621577
1178,Medium,500,61.96675863
2004,VerySmall,500,51.27658547
1991,Small,750,48.04982368
413,Large,500,63.33916499
215,VeryLarge,250,62.48937228
500,Large,500,61.36015713
1746,Small,750,48.33187991
1216,Medium,500,65.48696098
1823,Small,750,55.35150115
1868,Small,750,45.2580631
813,Medium,500,62.74594289
914,Medium,500,53.45055696
1123,Medium,500,47.08662975
731,Large,500,57.5916749
1714,Small,750,45.57513422
2481,VerySmall,500,55.05039729
2430,VerySmall,500,46.16167908
1891,Small,750,54.36878618
680,Large,500,68.21676193
1377,Small,750,44.51645382
1303,Small,750,59.49640442
1332,Small,750,46.65710954
1364,Small,750,53.8482004
2148,VerySmall,500,54.78344942
2484,VerySmall,500,51.57575687
701,Large,500,62.75683262
5,VeryLarge,250,64.49197016
2472,VerySmall,500,46.50650804
45,VeryLarge,250,66.81102564
2136,VerySmall,500,53.47542003
1623,Small,750,47.30798617
2466,VerySmall,500,55.89270327
677,Large,500,58.18907187
660,Large,500,60.63024446
283,Large,500,57.89216496
1110,Medium,500,59.00122775
876,Medium,500,48.21408649
348,Large,500,66.72077333
329,Large,500,53.87131139
147,VeryLarge,250,63.63727539
2406,VerySmall,500,50.02704331
1781,Small,750,60.04042362
2217,VerySmall,500,44.40120395
1289,Small,750,45.89286842
2285,VerySmall,500,46.34995519
974,Medium,500,58.94211934
1529,Small,750,40.7457819
1858,Small,750,46.48118818
1308,Small,750,48.25765224
726,Large,500,54.3123152
113,VeryLarge,250,71.06035674
491,Large,500,61.70490624
1040,Medium,500,55.01474157
347,Large,500,56.41019731
618,Large,500,56.65054483
151,VeryLarge,250,77.55733391
1794,Small,750,43.97604102
2055,VerySmall,500,47.70988558
1513,Small,750,51.01951261
2008,VerySmall,500,54.7999443
2167,VerySmall,500,55.51543899
1448,Small,750,49.79895088
984,Medium,500,56.34601778
1202,Medium,500,54.59088463
1414,Small,750,45.04965191
1233,Medium,500,53.3293619
485,Large,500,61.53449109
241,VeryLarge,250,62.59563772
2086,VerySmall,500,49.32333924
1417,Small,750,52.14425415
2129,VerySmall,500,53.55433085
848,Medium,500,51.51510654
2396,VerySmall,500,43.75797831
2017,VerySmall,500,46.1528665
1931,Small,750,57.0524082
2335,VerySmall,500,48.13154336
1755,Small,750,51.05458597
1520,Small,750,54.90862347
1126,Medium,500,48.06221808
2076,VerySmall,500,48.21487541
170,VeryLarge,250,55.83279935
1136,Medium,500,48.80679572
2200,VerySmall,500,52.01161053
606,Large,500,63.54200442
2290,VerySmall,500,48.02421509
2388,VerySmall,500,43.30657062
1512,Small,750,55.65378682
1318,Small,750,41.79246781
1098,Medium,500,52.77760581
1972,Small,750,60.0410198
141,VeryLarge,250,63.60152713
1974,Small,750,50.55444411
923,Medium,500,61.42452465
535,Large,500,58.53894754
1215,Medium,500,58.14374882
1483,Small,750,41.01048522
25,VeryLarge,250,66.41944267
1719,Small,750,48.15639667
913,Medium,500,53.53058379
1015,Medium,500,54.59380997
1537,Small,750,55.5971911
1103,Medium,500,54.89979864
2205,VerySmall,500,57.8231248
1148,Medium,500,49.89599571
2232,VerySmall,500,45.30815005
1369,Small,750,41.51229727
454,Large,500,59.72364495
1347,Small,750,59.90883321
2163,VerySmall,500,51.58072886
778,Medium,500,50.04566369
1314,Small,750,47.69615525
2419,VerySmall,500,45.38155053
1217,Medium,500,52.99341734
1236,Medium,500,57.44312468
1882,Small,750,47.07427595
1224,Medium,500,56.33706177
107,VeryLarge,250,66.58526072
2237,VerySmall,500,49.97385476
1786,Small,750,51.71195771
908,Medium,500,50.73013504
1107,Medium,500,58.06553884
2079,VerySmall,500,60.79528881
930,Medium,500,43.24086783
693,Large,500,55.62520822
364,Large,500,57.29686368
1906,Small,750,53.1523767
1395,Small,750,51.12602338
1901,Small,750,44.58638508
625,Large,500,55.81684241
389,Large,500,64.47098951
2296,VerySmall,500,44.88983787
441,Large,500,53.10660082
2309,VerySmall,500,40.00932843
467,Large,500,59.95085706
125,VeryLarge,250,64.86250476
339,Large,500,50.89172556
2488,VerySmall,500,52.67470376
193,VeryLarge,250,70.13429568
162,VeryLarge,250,68.0187375
511,Large,500,59.6886972
1290,Small,750,53.36319057
2108,VerySmall,500,49.75261794
1589,Small,750,39.52619693
2102,VerySmall,500,46.68946435
833,Medium,500,55.1120663
2199,VerySmall,500,53.79079942
2146,VerySmall,500,55.63827873
342,Large,500,60.37245424
370,Large,500,62.66294392
1538,Small,750,46.61115474
460,Large,500,60.83595705
2416,VerySmall,500,53.07711807
2117,VerySmall,500,50.08219166
2433,VerySmall,500,57.91210043
744,Large,500,57.73151593
2420,VerySmall,500,46.96055872
2045,VerySmall,500,51.21317074
770,Medium,500,52.87448218
2479,VerySmall,500,48.79200579
1565,Small,750,39.81016605
1834,Small,750,53.72187771
1654,Small,750,48.2093008
2403,VerySmall,500,48.17160463
1934,Small,750,38.69987685
235,VeryLarge,250,63.4192858
2265,VerySmall,500,45.85511301
1511,Small,750,49.38325683
386,Large,500,57.97636701
1096,Medium,500,41.78744578
2333,VerySmall,500,49.52970847
2440,VerySmall,500,59.45192769
1372,Small,750,50.65147036
311,Large,500,54.72270948
1084,Medium,500,52.16820581
1702,Small,750,42.85120535
1080,Medium,500,63.68112729
2,VeryLarge,250,63.27430099
2302,VerySmall,500,47.76728026
858,Medium,500,52.38954413
2497,VerySmall,500,57.79621071
1028,Medium,500,47.68159072
1758,Small,750,43.13087541
1419,Small,750,51.96620489
2080,VerySmall,500,57.84075419
670,Large,500,65.7382184
574,Large,500,61.60342713
1772,Small,750,55.48326242
2423,VerySmall,500,52.35814429
860,Medium,500,49.91386902
1212,Medium,500,58.46778765
2233,VerySmall,500,48.31324577
1284,Small,750,58.99021277
1054,Medium,500,56.77035399
1767,Small,750,50.5959473
1117,Medium,500,57.98743882
2134,VerySmall,500,57.79661069
1804,Small,750,47.62333017
2145,VerySmall,500,49.63131652
2214,VerySmall,500,56.41009212
114,VeryLarge,250,70.14963701
1446,Small,750,47.31645304
2409,VerySmall,500,45.11725567
1833,Small,750,49.23035926
2013,VerySmall,500,50.61914225
1992,Small,750,50.66771899
272,Large,500,52.33831246
2034,VerySmall,500,52.06955471
2106,VerySmall,500,53.41213358
1864,Small,750,48.46919754
101,VeryLarge,250,73.03563568
1806,Small,750,42.1919516
859,Medium,500,58.8600418
1620,Small,750,49.33550582
1378,Small,750,50.42509334
2278,VerySmall,500,44.22625188
2379,VerySmall,500,41.45104294
1608,Small,750,51.15660497
1677,Small,750,47.59236815
504,Large,500,58.1995056
894,Medium,500,50.5809787
1857,Small,750,58.85281872
137,VeryLarge,250,58.74960614
1795,Small,750,53.72499312
952,Medium,500,52.44633255
580,Large,500,57.08513779
462,Large,500,64.70045979
2133,VerySmall,500,58.20882665
1690,Small,750,47.5912301
2272,VerySmall,500,49.92099348
2408,VerySmall,500,41.95794094
2097,VerySmall,500,44.67381369
1142,Medium,500,46.78044649
372,Large,500,61.34915452
178,VeryLarge,250,64.30993962
2226,VerySmall,500,53.97960841
1297,Small,750,46.57714488
2349,VerySmall,500,48.54611246
438,Large,500,60.66528781
1578,Small,750,48.35768029
94,VeryLarge,250,61.70097461
1286,Small,750,48.81219555
1547,Small,750,58.95828527
674,Large,500,60.94794427
237,VeryLarge,250,69.45442727
632,Large,500,58.0426954
692,Large,500,57.56805084
733,Large,500,53.34294389
2387,VerySmall,500,47.52865072
206,VeryLarge,250,65.38504872
2171,VerySmall,500,51.75421353
253,Large,500,55.54081962
2478,VerySmall,500,46.71340277
502,Large,500,56.34381817
536,Large,500,65.4367661
727,Large,500,61.41569175
383,Large,500,48.82754511
550,Large,500,62.06872964
1112,Medium,500,57.46627275
379,Large,500,70.84248859
1293,Small,750,48.66595363
325,Large,500,58.43067453
1164,Medium,500,53.93287284
1407,Small,750,41.53994763
1730,Small,750,40.73791554
1258,Small,750,53.10338041
585,Large,500,59.08889277
2194,VerySmall,500,55.45839435
1728,Small,750,41.80008379
1489,Small,750,56.24372707
92,VeryLarge,250,65.36570062
2339,VerySmall,500,56.56103655
1486,Small,750,55.21206969
1189,Medium,500,53.47726102
1234,Medium,500,50.05782948
1754,Small,750,47.55779352
1744,Small,750,47.5278985
940,Medium,500,52.79608011
182,VeryLarge,250,67.1694209
1516,Small,750,55.88918942
927,Medium,500,55.08800551
1970,Small,750,56.841296
1947,Small,750,56.84466599
960,Medium,500,50.19413284
102,VeryLarge,250,66.37017399
840,Medium,500,57.0022286
1904,Small,750,44.45753949
1269,Small,750,47.31450809
205,VeryLarge,250,60.55348509
1964,Small,750,58.78372135
244,VeryLarge,250,73.67067321
1143,Medium,500,58.18280605
129,VeryLarge,250,68.82688292
1346,Small,750,52.64865465
1456,Small,750,37.27227024
1541,Small,750,47.32234655
1527,Small,750,44.8268765
198,VeryLarge,250,70.85857538
2168,VerySmall,500,40.21338063
1385,Small,750,46.75471518
1458,Small,750,50.42618764
768,Medium,500,61.25706539
730,Large,500,55.15141289
450,Large,500,57.31368648
1536,Small,750,54.2781799
1093,Medium,500,61.50911327
1800,Small,750,43.53942749
623,Large,500,62.5299968
669,Large,500,71.73432309
596,Large,500,64.78368942
561,Large,500,58.95383072
856,Medium,500,60.44763283
2139,VerySmall,500,53.2880698
530,Large,500,60.21806631
925,Medium,500,46.58269297
1396,Small,750,51.51223283
310,Large,500,56.47011636
2122,VerySmall,500,56.41239432
593,Large,500,62.08532261
684,Large,500,58.01076802
827,Medium,500,57.09531324
1424,Small,750,58.94045232
1181,Medium,500,56.13066067
2486,VerySmall,500,47.04494441
1248,Medium,500,52.6372202
666,Large,500,60.42721574
2088,VerySmall,500,43.04671204
2442,VerySmall,500,53.79579426
1001,Medium,500,52.25004857
1174,Medium,500,59.56887547
1582,Small,750,52.76287896
885,Medium,500,59.78637075
818,Medium,500,54.01244381
1495,Small,750,48.50287167
2259,VerySmall,500,43.53188698
1793,Small,750,48.26930131
1266,Small,750,56.14766328
665,Large,500,46.98117919
1423,Small,750,51.0786721
483,Large,500,59.73402344
816,Medium,500,55.91048176
260,Large,500,60.44397337
428,Large,500,70.4741074
1101,Medium,500,56.49761154
841,Medium,500,48.23865208
2321,VerySmall,500,42.6197201
679,Large,500,58.23290431
2119,VerySmall,500,55.06146715
1776,Small,750,49.8912343
2458,VerySmall,500,50.63431826
1563,Small,750,56.04217806
888,Medium,500,59.837453
1365,Small,750,57.14147108
99,VeryLarge,250,65.43543082
1187,Medium,500,51.33341693
61,VeryLarge,250,67.23387732
422,Large,500,59.62807396
2415,VerySmall,500,44.08935474
1659,Small,750,45.06150167
1927,Small,750,47.45342537
2360,VerySmall,500,40.65956154
2112,VerySmall,500,55.87815871
1785,Small,750,48.62563975
1843,Small,750,39.11669117
2496,VerySmall,500,47.29158281
2067,VerySmall,500,47.56409613
764,Medium,500,58.47072982
41,VeryLarge,250,75.23909658
321,Large,500,65.85702862
1994,Small,750,46.77842926
2048,VerySmall,500,50.48659242
1872,Small,750,46.9451741
1669,Small,750,43.56250594
831,Medium,500,56.25207132
1100,Medium,500,55.83647336
1228,Medium,500,50.14250895
880,Medium,500,51.67675109
2207,VerySmall,500,55.22376226
1082,Medium,500,59.93286449
1300,Small,750,45.60781303
1545,Small,750,48.72773844
1133,Medium,500,53.41532117
2243,VerySmall,500,50.97348612
2410,VerySmall,500,50.69467293
392,Large,500,66.18802927
1821,Small,750,53.28534598
1095,Medium,500,55.36589596
617,Large,500,55.31347639
769,Medium,500,48.93990439
2435,VerySmall,500,54.11054079
2074,VerySmall,500,56.86007121
1546,Small,750,53.35841765
1948,Small,750,49.34235687
1383,Small,750,54.31353258
1244,Medium,500,53.61962513
1762,Small,750,47.33181687
2101,VerySmall,500,47.59313649
1652,Small,750,44.17478459
2041,VerySmall,500,42.70679665
1135,Medium,500,55.16682516
264,Large,500,62.01702651
354,Large,500,57.92090779
34,VeryLarge,250,66.91291617
1195,Medium,500,57.20135468
1036,Medium,500,51.46225124
2431,VerySmall,500,35.2120619
2405,VerySmall,500,53.92154327
1625,Small,750,57.21474115
2288,VerySmall,500,55.9878993
2345,VerySmall,500,47.91514714
1729,Small,750,49.46589787
1099,Medium,500,49.45378505
1221,Medium,500,50.40209243
1200,Medium,500,46.90848319
1870,Small,750,51.03121641
385,Large,500,65.19507252
2099,VerySmall,500,50.36429331
54,VeryLarge,250,63.50687214
1718,Small,750,44.57653156
2059,VerySmall,500,47.76257744
2424,VerySmall,500,50.05715341
1363,Small,750,58.05527525
1444,Small,750,49.74713852
317,Large,500,60.96394701
1435,Small,750,52.23555494
902,Medium,500,55.77864694
1121,Medium,500,61.37185046
221,VeryLarge,250,63.29253912
1493,Small,750,46.58282732
2417,VerySmall,500,48.82095796
738,Large,500,57.61960591
414,Large,500,50.77184003
2292,VerySmall,500,50.02547672
2357,VerySmall,500,45.79507503
2149,VerySmall,500,51.41003161
271,Large,500,60.37580824
490,Large,500,65.36783198
1748,Small,750,59.68659538
512,Large,500,64.41399965
2477,VerySmall,500,39.10835201
1464,Small,750,36.0135274
583,Large,500,64.74864319
20,VeryLarge,250,66.34620807
1602,Small,750,57.48331821
1480,Small,750,49.02036541
1664,Small,750,45.99334284
2120,VerySmall,500,52.09481574
1875,Small,750,54.31405817
2311,VerySmall,500,50.41479007
543,Large,500,55.65300738
1471,Small,750,45.4456054
843,Medium,500,51.43934309
1549,Small,750,49.82735624
2115,VerySmall,500,45.49323895
1526,Small,750,45.33673514
714,Large,500,60.25993278
1835,Small,750,50.80112426
418,Large,500,51.18929228
70,VeryLarge,250,55.26442878
185,VeryLarge,250,68.52950039
1366,Small,750,44.68022114
1619,Small,750,54.08840839
613,Large,500,56.52502176
331,Large,500,53.73167858
1732,Small,750,53.30837812
446,Large,500,50.99016925
1481,Small,750,54.27346733
1114,Medium,500,55.76128766
2493,VerySmall,500,51.66049295
1726,Small,750,42.99130307
22,VeryLarge,250,61.98309887
1051,Medium,500,66.15090366
2005,VerySmall,500,52.4601021
2006,VerySmall,500,50.76810952
218,VeryLarge,250,72.09629972
2087,VerySmall,500,56.57481082
1830,Small,750,54.2799976
159,VeryLarge,250,69.13248438
1586,Small,750,57.86176373
1163,Medium,500,54.32884746
270,Large,500,56.78850747
473,Large,500,57.80107021
1078,Medium,500,49.51306268
1943,Small,750,50.84364472
1749,Small,750,48.19119738
2081,VerySmall,500,46.14021551
999,Medium,500,44.08052712
968,Medium,500,58.58213239
2399,VerySmall,500,59.31069094
243,VeryLarge,250,61.2526776
2042,VerySmall,500,51.01551799
1897,Small,750,50.53494656
1312,Small,750,41.5752634
335,Large,500,60.09985113
602,Large,500,65.35711438
2210,VerySmall,500,38.29309177
1108,Medium,500,50.47156859
659,Large,500,55.15662028
1975,Small,750,52.79385944
1055,Medium,500,63.87499852
2114,VerySmall,500,45.94623584
1155,Medium,500,51.1532282
1524,Small,750,55.90013169
2035,VerySmall,500,51.14336177
1139,Medium,500,56.71559001
520,Large,500,67.83806059
2244,VerySmall,500,50.75516961
2310,VerySmall,500,48.82222092
1484,Small,750,46.43783152
2464,VerySmall,500,51.6581248
289,Large,500,60.52609964
246,VeryLarge,250,66.29306531
1867,Small,750,55.79931276
1313,Small,750,45.72756089
1922,Small,750,47.29757034
13,VeryLarge,250,70.89359443
943,Medium,500,63.75725273
164,VeryLarge,250,63.04371634
832,Medium,500,57.85511184
1403,Small,750,58.39424336
1455,Small,750,51.76381562
2242,VerySmall,500,40.34781555
932,Medium,500,62.64527162
673,Large,500,64.18221044
378,Large,500,62.68353717
866,Medium,500,52.02112028
1,VeryLarge,250,70.51065759
77,VeryLarge,250,63.52836465
2413,VerySmall,500,49.85402612
1374,Small,750,43.30631443
1648,Small,750,42.13851199
63,VeryLarge,250,63.00961139
299,Large,500,64.40728976
884,Medium,500,52.4447961
1058,Medium,500,51.1736512
2192,VerySmall,500,51.98608246
1429,Small,750,47.07339601
1506,Small,750,34.75063555
1421,Small,750,54.19350906
1373,Small,750,46.33133227
1983,Small,750,45.52351071
71,VeryLarge,250,60.17257359
2432,VerySmall,500,52.20742878
1210,Medium,500,54.14719648
1447,Small,750,52.59025656
2057,VerySmall,500,54.57421722
682,Large,500,65.64407058
39,VeryLarge,250,66.77063602
1000,Medium,500,58.26518349
238,VeryLarge,250,67.75340879
398,Large,500,55.18551932
1046,Medium,500,52.95496413
281,Large,500,66.02720856
1805,Small,750,52.03296035
742,Large,500,56.12529249
557,Large,500,46.03584628
1921,Small,750,53.18728711
1071,Medium,500,60.17043848
2394,VerySmall,500,47.83408635
1841,Small,750,54.2735294
1591,Small,750,48.43107208
2000,Small,750,43.78325827
1075,Medium,500,56.75302975
2218,VerySmall,500,51.44806688
303,Large,500,57.23725787
1223,Medium,500,51.16168133
1146,Medium,500,57.99320142
1869,Small,750,46.50614581
1207,Medium,500,60.98960746
2029,VerySmall,500,43.9086194
639,Large,500,54.67032165
1242,Medium,500,54.66317269
1359,Small,750,44.65524927
2438,VerySmall,500,47.90376733
633,Large,500,57.21335821
805,Medium,500,55.61258435
228,VeryLarge,250,70.89545676
287,Large,500,55.28526596
1909,Small,750,53.06999079
966,Medium,500,50.65678284
1766,Small,750,49.48928475
1838,Small,750,49.08594219
2182,VerySmall,500,53.20637531
2252,VerySmall,500,58.25737315
11,VeryLarge,250,62.02613961
645,Large,500,63.4537585
44,VeryLarge,250,64.49016172
1247,Medium,500,60.79096698
1348,Small,750,44.95154816
211,VeryLarge,250,66.06438855
1607,Small,750,53.07352703
2305,VerySmall,500,56.08522253
878,Medium,500,55.66130181
1206,Medium,500,55.41702034
1769,Small,750,49.48577135
965,Medium,500,52.66408232
1081,Medium,500,50.01418024
2090,VerySmall,500,57.02091094
2500,VerySmall,500,43.29024236
1978,Small,750,41.7783088
1306,Small,750,52.47139429
85,VeryLarge,250,67.4149526
96,VeryLarge,250,63.93114133
154,VeryLarge,250,65.68345838
1637,Small,750,43.91308945
1299,Small,750,50.09471542
1341,Small,750,46.64718485
212,VeryLarge,250,66.71478778
2159,VerySmall,500,50.13934934
967,Medium,500,57.93392795
1321,Small,750,46.79984433
608,Large,500,57.86688572
953,Medium,500,60.3331897
1745,Small,750,50.74929446
1915,Small,750,50.95337158
753,Medium,500,55.58105258
1611,Small,750,49.25980715
186,VeryLarge,250,68.6780941
461,Large,500,66.56759346
443,Large,500,66.95617692
120,VeryLarge,250,62.19124076
2177,VerySmall,500,56.19397987
1066,Medium,500,56.68167871
653,Large,500,59.19779951
2040,VerySmall,500,58.51056575
43,VeryLarge,250,68.96100624
2483,VerySmall,500,45.49304351
192,VeryLarge,250,63.27659585
986,Medium,500,55.63225105
1894,Small,750,53.52616474
2179,VerySmall,500,44.13654171
1575,Small,750,48.24718891
1219,Medium,500,54.23727674
419,Large,500,64.9228479
230,VeryLarge,250,68.37269573
1976,Small,750,51.4692498
1808,Small,750,40.4480355
912,Medium,500,53.84108332
1990,Small,750,46.71429256
12,VeryLarge,250,62.02537445
57,VeryLarge,250,61.83883035
775,Medium,500,60.04543422
374,Large,500,64.10279732
1298,Small,750,46.67626579
229,VeryLarge,250,72.78648899
1859,Small,750,49.97299512
507,Large,500,65.97089944
973,Medium,500,55.49063515
2022,VerySmall,500,43.30199408
282,Large,500,65.84122247
1033,Medium,500,63.50084046
2043,VerySmall,500,46.46916752
2060,VerySmall,500,59.20958065
1183,Medium,500,50.11202983
1352,Small,750,42.02678392
528,Large,500,61.17429024
559,Large,500,56.85817011
2467,VerySmall,500,44.26335051
552,Large,500,57.63062232
1803,Small,750,50.9187907
655,Large,500,59.04888368
2436,VerySmall,500,47.54292976
2215,VerySmall,500,45.32357547
1929,Small,750,54.99872061
437,Large,500,56.7978058
1451,Small,750,49.96373349
1521,Small,750,46.37649993
1153,Medium,500,62.2331123
293,Large,500,64.47679438
1814,Small,750,45.73977297
400,Large,500,66.73301591
323,Large,500,60.24409886
1723,Small,750,56.74143166
1141,Medium,500,54.01253823
2380,VerySmall,500,49.07483523
589,Large,500,64.63880643
759,Medium,500,56.57966016
2391,VerySmall,500,49.60558646
449,Large,500,64.51268018
1985,Small,750,46.95359925
1851,Small,750,53.37977552
2352,VerySmall,500,39.23678025
2113,VerySmall,500,47.0785089
1402,Small,750,49.08291247
640,Large,500,62.10133582
1017,Medium,500,45.61508771
2209,VerySmall,500,45.21683932
207,VeryLarge,250,67.33227042
184,VeryLarge,250,65.51888196
2264,VerySmall,500,50.19982712
1828,Small,750,55.59305745
982,Medium,500,56.81833165
2437,VerySmall,500,50.33110277
2489,VerySmall,500,51.59811522
397,Large,500,71.55706627
427,Large,500,60.0456069
1508,Small,750,56.53614
2276,VerySmall,500,42.27132005
1775,Small,750,53.01969937
1818,Small,750,55.06680877
404,Large,500,55.31878391
1018,Medium,500,54.04847401
1186,Medium,500,56.119605
823,Medium,500,56.00245899
8,VeryLarge,250,70.32042143
1609,Small,750,52.34895022
1653,Small,750,48.73717648
108,VeryLarge,250,65.01082744
607,Large,500,59.67434792
481,Large,500,65.07420638
2350,VerySmall,500,43.7980662
650,Large,500,55.78357706
2386,VerySmall,500,48.73313666
1799,Small,750,46.74270414
2110,VerySmall,500,54.42271683
787,Medium,500,56.6414244
222,VeryLarge,250,66.3908388
2372,VerySmall,500,46.50221771
1104,Medium,500,49.79407127
997,Medium,500,52.06887588
1928,Small,750,40.29405139
1650,Small,750,51.4625816
2025,VerySmall,500,47.52758572
668,Large,500,64.62480853
2227,VerySmall,500,59.41303375
275,Large,500,61.54895306
1739,Small,750,49.93297356
294,Large,500,62.7758718
1938,Small,750,56.81188154
1771,Small,750,53.0509505
1960,Small,750,49.77226338
937,Medium,500,43.02666895
2147,VerySmall,500,48.85885733
524,Large,500,61.82075061
223,VeryLarge,250,61.19795621
947,Medium,500,53.37582722
723,Large,500,60.37650798
1132,Medium,500,54.78609433
1908,Small,750,56.60445847
1736,Small,750,57.88198692
436,Large,500,60.10084899
903,Medium,500,62.91932576
2312,VerySmall,500,39.65089526
2104,VerySmall,500,49.23323653
10,VeryLarge,250,65.52766593
161,VeryLarge,250,72.92297061
356,Large,500,61.75075646
955,Medium,500,55.06546677
2454,VerySmall,500,49.84522688
2111,VerySmall,500,44.44279543
1979,Small,750,43.89122051
18,VeryLarge,250,64.28658448
1871,Small,750,49.54648483
1487,Small,750,46.38557149
762,Medium,500,54.78298796
1873,Small,750,54.22252873
1370,Small,750,60.89990601
2374,VerySmall,500,62.41868133
1167,Medium,500,60.22294169
788,Medium,500,59.54885629
1567,Small,750,43.22614372
1787,Small,750,42.71251624
217,VeryLarge,250,68.66328744
127,VeryLarge,250,76.30233845
776,Medium,500,47.31117472
176,VeryLarge,250,62.0868117
2455,VerySmall,500,42.54250775
1324,Small,750,53.65647767
2250,VerySmall,500,49.3193873
2127,VerySmall,500,51.03144554
2044,VerySmall,500,53.54177719
795,Medium,500,52.74736794
1710,Small,750,42.56652522
2398,VerySmall,500,53.64794288
546,Large,500,52.92271886
1288,Small,750,47.73564247
2027,VerySmall,500,40.66522451
327,Large,500,62.30133911
249,VeryLarge,250,60.55740045
1696,Small,750,54.03068948
616,Large,500,68.176122
1283,Small,750,48.2525606
1442,Small,750,49.87573723
975,Medium,500,58.12877267
1588,Small,750,45.71960475
1949,Small,750,57.73606572
1741,Small,750,50.4457493
2359,VerySmall,500,48.51712532
2003,VerySmall,500,44.52093296
899,Medium,500,48.60849526
1467,Small,750,57.20484583
951,Medium,500,56.87810427
167,VeryLarge,250,65.08480787
1452,Small,750,42.73617978
344,Large,500,50.71298806
2123,VerySmall,500,55.20499988
126,VeryLarge,250,62.51102325
889,Medium,500,59.30771103
2291,VerySmall,500,52.95390118
2329,VerySmall,500,50.60015051
1846,Small,750,56.4864497
1568,Small,750,58.33899497
865,Medium,500,52.58585581
1008,Medium,500,51.0286447
487,Large,500,60.26082412
1394,Small,750,50.44348188
89,VeryLarge,250,75.22902222
513,Large,500,54.07511065
1111,Medium,500,56.18042846
1050,Medium,500,61.22492941
837,Medium,500,46.64081721
2314,VerySmall,500,49.41064316
803,Medium,500,56.39302591
637,Large,500,59.02413135
597,Large,500,59.40296074
216,VeryLarge,250,68.17853831
898,Medium,500,54.81253503
1935,Small,750,50.70956625
2383,VerySmall,500,43.45125246
2036,VerySmall,500,53.84533871
988,Medium,500,58.72810999
119,VeryLarge,250,75.24860545
963,Medium,500,65.83658094
138,VeryLarge,250,62.19618929
426,Large,500,55.78858323
958,Medium,500,44.52091558
1428,Small,750,52.03750495
1358,Small,750,53.01656079
2125,VerySmall,500,46.3251773
1433,Small,750,53.13880496
1122,Medium,500,55.77910119
1822,Small,750,63.49919229
1330,Small,750,41.56942312
2173,VerySmall,500,58.02228967
2446,VerySmall,500,53.01758698
406,Large,500,62.95607746
470,Large,500,56.46410993
1177,Medium,500,51.62054541
1700,Small,750,49.56400566
2124,VerySmall,500,45.80202458
1030,Medium,500,60.71842445
2202,VerySmall,500,52.86662787
1047,Medium,500,56.79038105
396,Large,500,63.37881493
505,Large,500,63.08817597
2346,VerySmall,500,50.16076388
482,Large,500,53.205487
985,Medium,500,66.42302923
1844,Small,750,46.76789188
496,Large,500,60.84953328
375,Large,500,53.94102859
1548,Small,750,38.87749357
1701,Small,750,52.66971825
2103,VerySmall,500,46.18806824
290,Large,500,65.12201923
1789,Small,750,51.95144795
873,Medium,500,48.05159797
612,Large,500,57.68429422
2304,VerySmall,500,47.09444168
2362,VerySmall,500,51.66859234
796,Medium,500,56.68148183
2492,VerySmall,500,49.43063317
931,Medium,500,48.07600914
533,Large,500,59.70690527
1862,Small,750,46.75336387
188,VeryLarge,250,64.30565105
376,Large,500,59.12562037
251,Large,500,60.68836559
1914,Small,750,48.86111293
320,Large,500,64.19845357
1899,Small,750,54.03122228
1360,Small,750,43.78324914
883,Medium,500,58.43090101
649,Large,500,55.57673774
468,Large,500,64.51337026
1713,Small,750,51.94771885
2262,VerySmall,500,50.24518394
1999,Small,750,59.84778872
65,VeryLarge,250,72.28084612
1083,Medium,500,51.09511408
73,VeryLarge,250,62.53448495
2246,VerySmall,500,54.08011383
2007,VerySmall,500,53.29979665
93,VeryLarge,250,67.29847602
201,VeryLarge,250,63.39884582
1357,Small,750,44.81883251
324,Large,500,60.98299275
225,VeryLarge,250,62.39237306
1333,Small,750,57.27872717
1175,Medium,500,53.014023
2069,VerySmall,500,46.06669172
322,Large,500,51.41872933
1712,Small,750,41.5894057
849,Medium,500,48.65674139
2320,VerySmall,500,45.91869949
699,Large,500,59.38730874
1060,Medium,500,56.18829327
2331,VerySmall,500,40.41046812
2241,VerySmall,500,44.89047247
399,Large,500,61.576696
21,VeryLarge,250,62.89168971
1550,Small,750,45.05405512
1703,Small,750,49.6486751
2348,VerySmall,500,54.79273877
357,Large,500,58.35014906
2073,VerySmall,500,46.81144504
521,Large,500,61.04697007
2223,VerySmall,500,47.62498826
478,Large,500,62.99020579
722,Large,500,56.09749593
499,Large,500,56.41780522
288,Large,500,58.52887831
987,Medium,500,59.79160394
2286,VerySmall,500,45.4109228
891,Medium,500,53.62119954
15,VeryLarge,250,60.73488509
1267,Small,750,50.79467581
1640,Small,750,48.57580689
384,Large,500,60.07403126
941,Medium,500,56.29905738
969,Medium,500,62.64503095
935,Medium,500,49.86155759
23,VeryLarge,250,69.10752857
394,Large,500,60.61474085
2196,VerySmall,500,45.46887301
1002,Medium,500,54.37199616
1850,Small,750,47.91731918
492,Large,500,60.1601708
1559,Small,750,54.06933005
804,Medium,500,54.97581064
569,Large,500,52.17183959
261,Large,500,68.18706059
895,Medium,500,49.91686203
2157,VerySmall,500,38.91854541
1704,Small,750,42.28446702
854,Medium,500,50.02843148
401,Large,500,53.01218846
1179,Medium,500,56.80519924
1138,Medium,500,59.25760811
1406,Small,750,46.61379474
587,Large,500,56.42695803
266,Large,500,59.72342392
95,VeryLarge,250,67.62799545
1986,Small,750,55.09221495
971,Medium,500,46.6947115
847,Medium,500,53.70964742
1037,Medium,500,60.24657301
2371,VerySmall,500,53.07413526
785,Medium,500,53.50767299
1911,Small,750,54.02673672
794,Medium,500,52.66161449
2151,VerySmall,500,48.52204425
463,Large,500,65.52487491
1490,Small,750,54.81620372
1072,Medium,500,61.37765854
1738,Small,750,57.05425976
1292,Small,750,48.16912593
1335,Small,750,45.60467591
1260,Small,750,48.40787163
1305,Small,750,41.55348988
1514,Small,750,54.7241563
1420,Small,750,48.70593204
989,Medium,500,51.55798947
213,VeryLarge,250,62.76586333
33,VeryLarge,250,68.95460168
37,VeryLarge,250,68.93603695
799,Medium,500,54.73274061
236,VeryLarge,250,62.29362053
1672,Small,750,52.75690276
689,Large,500,52.64971479
14,VeryLarge,250,59.73480584
611,Large,500,62.1897739
387,Large,500,60.51818772
1220,Medium,500,51.52250474
1920,Small,750,44.08864703
2418,VerySmall,500,57.26604922
1965,Small,750,49.78310349
835,Medium,500,58.42981539
724,Large,500,60.93896156
1820,Small,750,49.48190966
1391,Small,750,57.27434752
1252,Small,750,48.79299131
1031,Medium,500,46.83685587
646,Large,500,47.75017756
2390,VerySmall,500,54.58838241
1092,Medium,500,61.98801911
1580,Small,750,52.80260457
838,Medium,500,52.95720658
181,VeryLarge,250,65.72140449
104,VeryLarge,250,67.6433105
2158,VerySmall,500,46.15681987
112,VeryLarge,250,64.63731384
2439,VerySmall,500,50.09617435
2162,VerySmall,500,47.35675774
1698,Small,750,51.02948607
1436,Small,750,52.08626526
1462,Small,750,51.49254652
635,Large,500,57.88210593
1617,Small,750,47.49573557
956,Medium,500,62.66731617
1925,Small,750,55.5827064
2351,VerySmall,500,52.42347586
1105,Medium,500,53.5452875
600,Large,500,55.2827886
2132,VerySmall,500,51.51240679
174,VeryLarge,250,71.23474465
948,Medium,500,53.94713443
318,Large,500,65.02250646
1052,Medium,500,57.70278713
836,Medium,500,48.08301302
509,Large,500,58.24508792
1285,Small,750,52.37955795
2353,VerySmall,500,45.18802669
708,Large,500,61.92255306
469,Large,500,61.54390451
737,Large,500,51.49421471
166,VeryLarge,250,63.44592513
2176,VerySmall,500,43.93080947
363,Large,500,61.90391864
1351,Small,750,52.63101941
1316,Small,750,50.04646815
717,Large,500,51.44650178
815,Medium,500,56.12821411
353,Large,500,67.08343119
992,Medium,500,53.29924088
1438,Small,750,45.03488392
739,Large,500,57.61636336
1895,Small,750,43.185653
183,VeryLarge,250,55.41061311
1440,Small,750,59.21177545
807,Medium,500,58.11483052
2143,VerySmall,500,50.57881805
2322,VerySmall,500,57.7170357
158,VeryLarge,250,57.99198839
2343,VerySmall,500,52.91854786
362,Large,500,73.90201244
3,VeryLarge,250,66.82852952
1774,Small,750,58.06946004
784,Medium,500,56.68187287
66,VeryLarge,250,69.44488626
2137,VerySmall,500,51.10737548
1405,Small,750,57.49046865
1802,Small,750,47.20196627
567,Large,500,55.39031581
254,Large,500,59.31195951
1257,Small,750,49.92270855
1024,Medium,500,52.73139049
239,VeryLarge,250,67.5252761
2160,VerySmall,500,50.93330959
2476,VerySmall,500,47.90075046
67,VeryLarge,250,64.94607536
1759,Small,750,51.45125552
2366,VerySmall,500,45.55104055
945,Medium,500,62.71533372
150,VeryLarge,250,64.16924027
2270,VerySmall,500,51.70850789
2445,VerySmall,500,57.77833955
1362,Small,750,49.35492363
1610,Small,750,58.94674302
1632,Small,750,51.23012806
2297,VerySmall,500,43.95298426
298,Large,500,54.06305489
68,VeryLarge,250,68.03311755
168,VeryLarge,250,60.88838135
1784,Small,750,49.42786211
280,Large,500,59.33953576
1900,Small,750,48.25776743
2456,VerySmall,500,58.16783158
2188,VerySmall,500,53.57814635
601,Large,500,63.63332356
2154,VerySmall,500,60.26690865
2141,VerySmall,500,48.39352183
1344,Small,750,55.7223561
2255,VerySmall,500,47.62773505
409,Large,500,59.9296121
1831,Small,750,40.19475283
458,Large,500,59.05879913
1689,Small,750,45.19464227
1502,Small,750,42.87973795
27,VeryLarge,250,55.51706461
900,Medium,500,55.17333371
130,VeryLarge,250,64.86185583
936,Medium,500,58.80388942
556,Large,500,58.18231294
1262,Small,750,48.44605788
909,Medium,500,54.33475021
1942,Small,750,48.31614555
1412,Small,750,53.42876185
537,Large,500,49.62442191
1474,Small,750,53.16445484
440,Large,500,59.60944734
100,VeryLarge,250,71.55292358
1449,Small,750,51.79520479
51,VeryLarge,250,58.92571021
1676,Small,750,57.25192633
1322,Small,750,43.34334702
2031,VerySmall,500,52.1188954
869,Medium,500,63.42292039
328,Large,500,58.67755833
657,Large,500,57.90462139
983,Medium,500,61.00125393
1381,Small,750,50.78255458
652,Large,500,65.80758129
1709,Small,750,46.07695127
2385,VerySmall,500,44.21149864
2421,VerySmall,500,52.71806204
1509,Small,750,57.85227821
1145,Medium,500,51.9393792
1666,Small,750,44.00307129
2204,VerySmall,500,43.61774146
736,Large,500,59.04997979
2256,VerySmall,500,48.06714561
1997,Small,750,46.76385859
2118,VerySmall,500,62.09153271
1256,Small,750,43.66543858
1998,Small,750,52.10168563
998,Medium,500,52.9491982
568,Large,500,59.73924902
1618,Small,750,53.22603315
760,Medium,500,52.91598856
1011,Medium,500,54.17573651
2082,VerySmall,500,53.29493986
667,Large,500,56.75513037
1214,Medium,500,62.70146156
1134,Medium,500,62.37133695
301,Large,500,60.63418443
2198,VerySmall,500,54.91526795
90,VeryLarge,250,65.92991432
1535,Small,750,44.23730479
643,Large,500,63.60851399
2338,VerySmall,500,55.92509676
1557,Small,750,43.57263983
1087,Medium,500,58.68895313
782,Medium,500,50.83723483
765,Medium,500,57.72307487
1626,Small,750,55.15277795
631,Large,500,65.75021087
1339,Small,750,51.72230919
1172,Medium,500,54.44186911
845,Medium,500,44.85841083
333,Large,500,62.10347669
286,Large,500,62.03043903
247,VeryLarge,250,58.48195514
2053,VerySmall,500,53.34981281
1128,Medium,500,54.30699803
1073,Medium,500,53.55563994
1021,Medium,500,54.90896188
1501,Small,750,55.01437009
177,VeryLarge,250,65.32183043
1504,Small,750,55.05689626
1753,Small,750,48.80396059
867,Medium,500,56.80532067
870,Medium,500,59.95278677
2170,VerySmall,500,39.86551409
1227,Medium,500,50.60878404
1276,Small,750,49.54296804
19,VeryLarge,250,71.40844181
1982,Small,750,59.13303626
2487,VerySmall,500,49.08905611
1281,Small,750,47.66054673
1905,Small,750,49.16178285
1881,Small,750,44.42871286
149,VeryLarge,250,68.3220928
1663,Small,750,48.8534935
893,Medium,500,47.34773571
2370,VerySmall,500,50.28824307
165,VeryLarge,250,61.82903676
258,Large,500,59.11051122
506,Large,500,65.43951475
1733,Small,750,55.18236988
1272,Small,750,39.58515313
2051,VerySmall,500,54.89682789
547,Large,500,59.64886508
1878,Small,750,54.94651793
2234,VerySmall,500,49.29059879
664,Large,500,65.44234865
1551,Small,750,53.38153815
1311,Small,750,53.59021468
2047,VerySmall,500,47.77818262
1716,Small,750,52.60259391
1393,Small,750,54.0115846
1005,Medium,500,59.58333599
2313,VerySmall,500,44.50991881
1877,Small,750,47.20952612
2462,VerySmall,500,47.85862967
773,Medium,500,56.61209043
820,Medium,500,53.15442987
91,VeryLarge,250,63.57146914
2012,VerySmall,500,62.6442952
160,VeryLarge,250,63.53226194
1837,Small,750,54.2561466
2367,VerySmall,500,50.19352657
146,VeryLarge,250,67.94040511
1061,Medium,500,51.42518856
1294,Small,750,46.55057089
1944,Small,750,57.59471591
697,Large,500,58.50186772
1317,Small,750,48.85943969
1670,Small,750,44.80364406
486,Large,500,60.44469121
1079,Medium,500,52.530987
1379,Small,750,48.2147478
1149,Medium,500,43.3960912
1913,Small,750,52.80392348
2412,VerySmall,500,55.15714806
1355,Small,750,49.84375484
581,Large,500,53.65958653
1860,Small,750,52.72944806
1291,Small,750,50.37250366
1116,Medium,500,49.79966583
1090,Medium,500,55.46250706
2096,VerySmall,500,48.79563062
477,Large,500,64.95000713
1715,Small,750,53.29971613
523,Large,500,56.88221663
2318,VerySmall,500,41.39297115
268,Large,500,62.02930443
1479,Small,750,59.25703908
651,Large,500,62.34485369
111,VeryLarge,250,66.9476475
381,Large,500,63.25758303
1517,Small,750,52.87854895
2368,VerySmall,500,46.06019385
1230,Medium,500,51.90882794
1695,Small,750,40.55594306
1791,Small,750,43.79026131
2461,VerySmall,500,48.16718605
828,Medium,500,52.72665336
1342,Small,750,51.18501754
1165,Medium,500,59.6510517
124,VeryLarge,250,63.45890536
1426,Small,750,48.12466459
1842,Small,750,46.67272675
133,VeryLarge,250,65.11237564
2261,VerySmall,500,40.12435855
2449,VerySmall,500,51.58239974
1491,Small,750,58.08944296
1667,Small,750,57.95688572
599,Large,500,62.84648581
1400,Small,750,54.60521249
1522,Small,750,49.48709495
1166,Medium,500,52.73272142
758,Medium,500,52.42086292
1796,Small,750,45.97139713
1130,Medium,500,56.51161414
821,Medium,500,55.47272041
1883,Small,750,44.48679307
455,Large,500,61.1977328
476,Large,500,52.3555573
761,Medium,500,53.55128316
1941,Small,750,46.01994545
1598,Small,750,46.62117606
671,Large,500,57.71898737
442,Large,500,59.84733673
1390,Small,750,54.16363224
2175,VerySmall,500,54.19844235
825,Medium,500,57.68364592
2315,VerySmall,500,47.40933334
531,Large,500,68.15442827
1601,Small,750,47.75942153
380,Large,500,61.84113223
1226,Medium,500,55.18111292
1085,Medium,500,44.01994393
747,Large,500,50.94499113
993,Medium,500,50.90046567
2248,VerySmall,500,42.43811188
846,Medium,500,56.26578313
1646,Small,750,53.51443475
2238,VerySmall,500,54.15454648
2216,VerySmall,500,49.87045837
106,VeryLarge,250,67.68970204
2190,VerySmall,500,48.71884109
1268,Small,750,54.5908422
2072,VerySmall,500,44.94650334
64,VeryLarge,250,73.28507525
863,Medium,500,51.06767628
812,Medium,500,60.7877363
855,Medium,500,53.48143594
1711,Small,750,41.87872782
1956,Small,750,50.98771346
445,Large,500,55.01506192
1039,Medium,500,53.98110442
1539,Small,750,44.73855299
2382,VerySmall,500,51.3638754
189,VeryLarge,250,69.74491059
360,Large,500,55.07100946
790,Medium,500,52.20208974
366,Large,500,57.57730679
226,VeryLarge,250,62.08397905
510,Large,500,66.19421205
53,VeryLarge,250,65.45863304
1995,Small,750,45.3439941
1892,Small,750,48.61346783
1325,Small,750,61.26863119
295,Large,500,62.32138555
780,Medium,500,53.21633779
516,Large,500,63.2142836
949,Medium,500,46.8041862
2316,VerySmall,500,48.74236776
604,Large,500,57.2794381
1478,Small,750,55.68140578
797,Medium,500,55.42958954
1737,Small,750,52.32440795
1735,Small,750,47.00034548
771,Medium,500,47.72764976
522,Large,500,59.20099523
565,Large,500,60.20707836
732,Large,500,63.79360793
1063,Medium,500,60.21149405
1067,Medium,500,50.74585481
1574,Small,750,58.12098068
424,Large,500,57.11202342
2174,VerySmall,500,45.41547538
97,VeryLarge,250,65.62207497
1278,Small,750,42.97614774
351,Large,500,57.24910453
2283,VerySmall,500,50.26086156
579,Large,500,54.33836364
1150,Medium,500,52.31052242
2447,VerySmall,500,49.53995154
369,Large,500,65.85930668
2267,VerySmall,500,51.93091621
1583,Small,750,52.94727322
203,VeryLarge,250,59.94713316
187,VeryLarge,250,66.75574758
938,Medium,500,55.53665941
1866,Small,750,45.30721631
1016,Medium,500,56.43735071
1593,Small,750,57.84212479
1854,Small,750,42.41055047
922,Medium,500,57.45542469
2273,VerySmall,500,46.2256731
1566,Small,750,43.68593774
1552,Small,750,50.39216318
459,Large,500,69.54361762
465,Large,500,59.4971676
2277,VerySmall,500,56.55147781
1012,Medium,500,53.97993093
964,Medium,500,58.33092816
1519,Small,750,52.87116719
2258,VerySmall,500,53.5815717
636,Large,500,59.1103816
1279,Small,750,55.42982436
121,VeryLarge,250,64.20653546
59,VeryLarge,250,68.91471075
783,Medium,500,66.84661888
36,VeryLarge,250,63.45120932
1661,Small,750,44.8544305
83,VeryLarge,250,65.93730789
1503,Small,750,47.24948352
407,Large,500,61.86167618
2021,VerySmall,500,47.12246448
1780,Small,750,46.43755512
710,Large,500,61.52031519
1188,Medium,500,47.83523203
87,VeryLarge,250,61.16805092
1159,Medium,500,54.24074497
412,Large,500,61.56666888
503,Large,500,58.44987094
1515,Small,750,44.23545294
2427,VerySmall,500,54.12998675
842,Medium,500,53.68226754
210,VeryLarge,250,63.77068484
1884,Small,750,59.38046434
1349,Small,750,63.32396009
224,VeryLarge,250,67.68682755
890,Medium,500,56.87194155
1816,Small,750,51.90909228
1570,Small,750,55.51001759
1022,Medium,500,58.50345122
1561,Small,750,49.73910646
2245,VerySmall,500,45.86365028
1154,Medium,500,59.65883163
1845,Small,750,51.97842662
152,VeryLarge,250,62.98321795
2459,VerySmall,500,49.92983194
2135,VerySmall,500,54.63982513
358,Large,500,64.57888859
2116,VerySmall,500,57.27778411
1825,Small,750,41.35449311
735,Large,500,65.4034499
1558,Small,750,53.36392056
116,VeryLarge,250,67.30965928
1375,Small,750,45.00067604
405,Large,500,61.41379049
2457,VerySmall,500,50.62924687
388,Large,500,55.94028401
408,Large,500,59.55169255
7,VeryLarge,250,72.25034033
1271,Small,750,54.72315241
78,VeryLarge,250,61.19765201
1196,Medium,500,49.77016664
2495,VerySmall,500,48.35558488
1757,Small,750,48.90787344
2354,VerySmall,500,54.79247473
1840,Small,750,42.95555377
1600,Small,750,53.08984232
642,Large,500,50.66101826
156,VeryLarge,250,61.35398053
49,VeryLarge,250,69.36807146
2443,VerySmall,500,60.26824361
994,Medium,500,55.70564593
1222,Medium,500,56.27548347
1382,Small,750,49.99073381
802,Medium,500,50.91794055
278,Large,500,61.08796184
1041,Medium,500,43.79356441
1760,Small,750,50.37108727
577,Large,500,64.8881875
700,Large,500,56.40387861
60,VeryLarge,250,62.60973315
2389,VerySmall,500,55.96182276
315,Large,500,61.34150492
2337,VerySmall,500,56.26682691
1320,Small,750,52.06253125
897,Medium,500,52.4175941
1581,Small,750,56.98871647
2187,VerySmall,500,47.45981914
79,VeryLarge,250,66.94555078
24,VeryLarge,250,60.44371662
2186,VerySmall,500,42.52146839
319,Large,500,63.20302359
1310,Small,750,47.01142368
1861,Small,750,51.05818819
1287,Small,750,50.03901783
1152,Medium,500,52.48893942
1936,Small,750,43.20931824
180,VeryLarge,250,64.45774666
1585,Small,750,52.13197914
793,Medium,500,52.31065153
480,Large,500,61.08316504
2054,VerySmall,500,54.75712887
447,Large,500,60.06039453
2011,VerySmall,500,49.22744467
704,Large,500,64.74778433
1469,Small,750,58.52628262
173,VeryLarge,250,65.88386868
105,VeryLarge,250,56.77255252
2397,VerySmall,500,46.86512928
2033,VerySmall,500,50.17712189
1782,Small,750,51.27822384
814,Medium,500,58.87170586
1044,Medium,500,49.61792751
1295,Small,750,53.97796659
2230,VerySmall,500,47.24743262
2191,VerySmall,500,45.9653472
1492,Small,750,53.35742541
1731,Small,750,50.71861455
190,VeryLarge,250,58.93635423
1450,Small,750,49.61097355
1069,Medium,500,56.69660726
202,VeryLarge,250,66.20795677
2414,VerySmall,500,53.86236979
1029,Medium,500,58.94598436
1660,Small,750,45.06432972
1422,Small,750,51.62033752
590,Large,500,63.46818869
672,Large,500,57.36179225
1437,Small,750,47.3439299
1584,Small,750,61.29028121
1542,Small,750,57.37624201
1059,Medium,500,56.63698753
746,Large,500,56.18528669
475,Large,500,70.77110991
1345,Small,750,41.71112199
80,VeryLarge,250,63.74043063
390,Large,500,69.3738427
1510,Small,750,56.97025808
911,Medium,500,57.2816553
2260,VerySmall,500,57.8525133
134,VeryLarge,250,60.1589571
1614,Small,750,52.50085865
1014,Medium,500,59.91211749
1684,Small,750,42.85718143
2109,VerySmall,500,51.9382779
2049,VerySmall,500,43.80643994
2224,VerySmall,500,51.41460584
1411,Small,750,50.99546148
2332,VerySmall,500,42.39991004
1644,Small,750,52.06513783
1674,Small,750,58.32992617
2065,VerySmall,500,43.87490765
2469,VerySmall,500,45.75222731
1918,Small,750,50.01806248
1692,Small,750,47.17458922
1902,Small,750,53.79294558
555,Large,500,65.09411225
991,Medium,500,50.30255526
1717,Small,750,52.79308228
614,Large,500,59.26910138
2376,VerySmall,500,50.65049052
1238,Medium,500,55.78856396
658,Large,500,62.18533568
1919,Small,750,52.88941181
1668,Small,750,46.70599373
140,VeryLarge,250,62.20758227
551,Large,500,66.44339974
907,Medium,500,41.72126773
1113,Medium,500,58.00289903
498,Large,500,56.08618753
1277,Small,750,49.37572053
540,Large,500,59.87257628
1562,Small,750,46.80128874
457,Large,500,55.9935894
594,Large,500,64.42190639
2293,VerySmall,500,47.38193401
2294,VerySmall,500,48.26852112
621,Large,500,61.82976397
1812,Small,750,49.25489164
1032,Medium,500,58.48247431
1641,Small,750,46.84593797
304,Large,500,63.96485703
1599,Small,750,50.09389612
527,Large,500,67.46987629
1839,Small,750,49.05837364
702,Large,500,60.07990712
2231,VerySmall,500,49.39584615
1678,Small,750,56.21933911
2220,VerySmall,500,52.91258754
676,Large,500,67.13482036
1681,Small,750,54.03615501
1461,Small,750,46.93076012
1315,Small,750,46.97615415
1198,Medium,500,51.25625168
806,Medium,500,47.24833487
2107,VerySmall,500,41.7707946
1137,Medium,500,63.34577587
1045,Medium,500,57.19703745
1962,Small,750,49.38657231
296,Large,500,56.16433498
1120,Medium,500,54.49183622
1389,Small,750,49.95553464
391,Large,500,68.38600286
1094,Medium,500,55.61110762
1329,Small,750,50.79534298
549,Large,500,65.75124664
2251,VerySmall,500,54.20044079
970,Medium,500,46.69849394
1328,Small,750,45.07049748
1507,Small,750,44.39429568
338,Large,500,58.21334857
1213,Medium,500,60.17386391
1231,Medium,500,59.80133902
861,Medium,500,54.35855103
2016,VerySmall,500,49.1640726
62,VeryLarge,250,65.67789971
1020,Medium,500,56.59212928
2098,VerySmall,500,47.03839459
1371,Small,750,40.07511437
1827,Small,750,55.50578639
1624,Small,750,48.52292354
800,Medium,500,54.45465772
1302,Small,750,49.06469149
879,Medium,500,58.49221306
1937,Small,750,49.54278391
1966,Small,750,42.25883804
2280,VerySmall,500,47.66714467
1879,Small,750,51.13105403
1955,Small,750,41.07450348
421,Large,500,54.24782839
2465,VerySmall,500,51.30234963
74,VeryLarge,250,60.08842306
2451,VerySmall,500,51.10327902
976,Medium,500,64.86318323
892,Medium,500,48.01321455
544,Large,500,66.11242589
777,Medium,500,55.9112446
1161,Medium,500,55.05003863
1968,Small,750,54.02232895
1532,Small,750,58.11902531
696,Large,500,53.64375191
1865,Small,750,48.29083878
2169,VerySmall,500,53.98332603
1554,Small,750,48.8275448
1249,Medium,500,53.88895392
755,Medium,500,53.63579305
1465,Small,750,45.03195033
1408,Small,750,53.55091747
954,Medium,500,56.07540106
2253,VerySmall,500,48.26933592
1380,Small,750,50.57662549
622,Large,500,53.15952452
1129,Medium,500,56.36401488
1770,Small,750,43.6381625
2330,VerySmall,500,49.10366812
756,Medium,500,56.24484735
1418,Small,750,46.10034052
2020,VerySmall,500,54.18556737
1888,Small,750,53.91472745
136,VeryLarge,250,65.8541705
1498,Small,750,46.79116348
1533,Small,750,58.61919626
2212,VerySmall,500,51.18985939
1750,Small,750,42.15733759
240,VeryLarge,250,58.58388171
29,VeryLarge,250,59.66081735
681,Large,500,57.22642506
1848,Small,750,44.01212334
2499,VerySmall,500,53.17029236
277,Large,500,68.095829
2480,VerySmall,500,46.2609198
772,Medium,500,57.03235645
2287,VerySmall,500,41.97010409
996,Medium,500,60.81514366
1445,Small,750,47.27929645
199,VeryLarge,250,66.73049465
1147,Medium,500,49.99998977
1606,Small,750,47.74113219
2193,VerySmall,500,43.35103652
1343,Small,750,55.5809179
2070,VerySmall,500,51.49818984
1751,Small,750,51.77215896
1049,Medium,500,53.19228581
2289,VerySmall,500,56.24293753
2279,VerySmall,500,49.70197318
466,Large,500,56.44802694
144,VeryLarge,250,70.64930009
979,Medium,500,61.07326033
656,Large,500,64.94644983
1488,Small,750,52.30526753
566,Large,500,59.49923034
117,VeryLarge,250,60.43510623
1587,Small,750,49.83313288
1500,Small,750,58.45212457
425,Large,500,49.24109146
2037,VerySmall,500,60.79460121
2062,VerySmall,500,41.265608
1434,Small,750,47.22704511
2411,VerySmall,500,48.37396295
2377,VerySmall,500,48.71338765
2240,VerySmall,500,54.30051344
1109,Medium,500,54.24061815
1573,Small,750,44.09756215
1470,Small,750,54.22205667
734,Large,500,63.68132097
494,Large,500,55.98361703
1191,Medium,500,54.12637121
2468,VerySmall,500,52.63703383
906,Medium,500,57.76590088
2010,VerySmall,500,59.01701792
1140,Medium,500,49.91497435
1127,Medium,500,50.31532808
2448,VerySmall,500,46.53273884
2400,VerySmall,500,49.91684355
791,Medium,500,54.39581243
781,Medium,500,53.66125751
1261,Small,750,54.27953484
1354,Small,750,44.38902837
745,Large,500,60.68222699
142,VeryLarge,250,70.22231734
2364,VerySmall,500,45.76936657
472,Large,500,55.93842201
345,Large,500,60.21868461
634,Large,500,64.92107472
2208,VerySmall,500,49.01947152
2444,VerySmall,500,54.19967908
330,Large,500,57.074482
495,Large,500,58.37827594
1809,Small,750,54.22510183
1263,Small,750,53.16779593
1981,Small,750,57.3577472
135,VeryLarge,250,63.90495199
1232,Medium,500,53.12198161
1246,Medium,500,52.34321188
1903,Small,750,50.9377135
274,Large,500,61.63875492
698,Large,500,59.08000315
1887,Small,750,48.38673997
2032,VerySmall,500,54.95733532
1603,Small,750,42.3641324
1415,Small,750,44.55193099
532,Large,500,53.8511948
1477,Small,750,48.2713265
1813,Small,750,51.95542385
2068,VerySmall,500,55.09975389
1725,Small,750,44.86468355
675,Large,500,58.87971489
2138,VerySmall,500,47.01691234
2282,VerySmall,500,47.39682721
1777,Small,750,47.98705927
2142,VerySmall,500,51.07370155
721,Large,500,66.04433325
1706,Small,750,51.33777312
1933,Small,750,44.84693345
595,Large,500,65.66467747
1595,Small,750,42.17512026
2369,VerySmall,500,51.11319147
103,VeryLarge,250,61.77224911
830,Medium,500,59.05967733
2404,VerySmall,500,55.6581723
1413,Small,750,43.92301797
2393,VerySmall,500,52.02040266
862,Medium,500,59.31388878
433,Large,500,63.25846594
1886,Small,750,56.49458267
1961,Small,750,45.43558672
1350,Small,750,52.01796266
2239,VerySmall,500,40.79259654
661,Large,500,61.8034471
706,Large,500,55.92385352
1038,Medium,500,56.32260329
2105,VerySmall,500,40.32657853
2091,VerySmall,500,55.8466854
1043,Medium,500,48.76364489
2002,VerySmall,500,50.62789418
626,Large,500,64.67492063
250,VeryLarge,250,60.30985663
313,Large,500,63.29153519
350,Large,500,56.7060655
2028,VerySmall,500,47.68083374
1926,Small,750,49.72900669
1118,Medium,500,61.52578883
1605,Small,750,49.67463564
957,Medium,500,53.82610459
1170,Medium,500,52.97793441
2038,VerySmall,500,49.56062003
1338,Small,750,45.3016934
864,Medium,500,51.38502601
1243,Medium,500,54.04506936
2166,VerySmall,500,52.63550812
688,Large,500,51.42719129
1201,Medium,500,51.55365282
1742,Small,750,57.20895353
291,Large,500,62.88353419
1505,Small,750,43.24005021
1397,Small,750,55.58444182
58,VeryLarge,250,64.52569195
1023,Medium,500,56.26348851
2429,VerySmall,500,51.28320948
591,Large,500,63.88359667
1468,Small,750,47.31891273
471,Large,500,61.25674761
920,Medium,500,62.50017859
234,VeryLarge,250,61.08156177
309,Large,500,72.38273173
2275,VerySmall,500,49.75153475
2284,VerySmall,500,46.95675259
2307,VerySmall,500,43.31152795
1967,Small,750,49.75524999
2153,VerySmall,500,43.82551062
1946,Small,750,56.98638433
1410,Small,750,48.2560016
1665,Small,750,49.22781947
570,Large,500,54.90442371
1065,Medium,500,57.44242595
1097,Medium,500,57.86229741
1613,Small,750,50.02980874
2184,VerySmall,500,43.68160468
1169,Medium,500,69.25549094
1494,Small,750,52.80307032
1963,Small,750,51.95726821
128,VeryLarge,250,61.83853527
750,Large,500,60.94515368
175,VeryLarge,250,69.83101422
1693,Small,750,51.89887186
743,Large,500,55.19068914
720,Large,500,54.20094216
1053,Medium,500,56.33037453
1977,Small,750,55.04614585
2327,VerySmall,500,47.42628685
1409,Small,750,37.78007296
1009,Medium,500,56.86975561
1168,Medium,500,51.70741002
267,Large,500,56.08393491
1708,Small,750,53.77101753
881,Medium,500,59.67196652
1530,Small,750,45.45722076
2426,VerySmall,500,53.37912315
1157,Medium,500,49.80582907
2491,VerySmall,500,56.24494214
1543,Small,750,48.9695599
1940,Small,750,50.21225598
1251,Small,750,49.61050037
1657,Small,750,58.8984826
1615,Small,750,49.60411345
1694,Small,750,50.35692243
2052,VerySmall,500,39.57877699
1106,Medium,500,61.43171788
430,Large,500,58.23753513
1384,Small,750,48.59502194
1638,Small,750,36.58569493
2061,VerySmall,500,49.260719
2384,VerySmall,500,41.39101365
1724,Small,750,45.61106716
395,Large,500,63.12001742
1592,Small,750,51.00052567
1634,Small,750,49.32183771
208,VeryLarge,250,65.85186658
1876,Small,750,37.47266815
2203,VerySmall,500,47.95318153
1211,Medium,500,56.96631806
2046,VerySmall,500,41.96060837
978,Medium,500,51.98119041
2015,VerySmall,500,49.86661565
435,Large,500,53.70619926
2155,VerySmall,500,58.36825735
1425,Small,750,52.92388984
38,VeryLarge,250,69.92263959
2039,VerySmall,500,52.36823478
654,Large,500,58.86334353
558,Large,500,53.0854028
1656,Small,750,44.85179542
2378,VerySmall,500,43.79963936
757,Medium,500,51.19224985
662,Large,500,62.0427492
2026,VerySmall,500,52.57425542
1485,Small,750,60.34271191
729,Large,500,56.60653451
47,VeryLarge,250,60.37801732
285,Large,500,60.48632304
2381,VerySmall,500,46.5275688
620,Large,500,60.10430896
1819,Small,750,52.27531621
872,Medium,500,55.47679623
2303,VerySmall,500,55.54016396
1658,Small,750,48.40048328
871,Medium,500,58.87789563
171,VeryLarge,250,63.9470463
2334,VerySmall,500,54.36545686
197,VeryLarge,250,69.34092116
1466,Small,750,58.98654609
1984,Small,750,49.42181111
767,Medium,500,59.73678185
518,Large,500,61.67535805
2219,VerySmall,500,54.42619654
2263,VerySmall,500,48.26401491
2355,VerySmall,500,53.49127424
2144,VerySmall,500,54.01264337
219,VeryLarge,250,66.8568537
1826,Small,750,53.80808068
981,Medium,500,55.53237175
1401,Small,750,43.53189383
2089,VerySmall,500,48.54158921
1367,Small,750,41.93163563
875,Medium,500,45.75977777
2150,VerySmall,500,50.82564835
995,Medium,500,48.6695173
273,Large,500,59.95762337
564,Large,500,58.34523296
792,Medium,500,51.55348016
629,Large,500,59.9715638
420,Large,500,59.55977245
538,Large,500,58.87194285
977,Medium,500,54.60518871
819,Medium,500,50.95355516
1980,Small,750,44.19159035
2156,VerySmall,500,44.89067764
874,Medium,500,53.21709284
942,Medium,500,50.54688092
2298,VerySmall,500,54.36114711
1356,Small,750,46.51815564
2092,VerySmall,500,48.46056313
1683,Small,750,48.17924165
410,Large,500,60.32931316
220,VeryLarge,250,70.50589657
1194,Medium,500,48.81421576
1630,Small,750,46.39176759
786,Medium,500,58.64369311
1596,Small,750,50.24060939
2342,VerySmall,500,51.11608742
619,Large,500,66.92933382
214,VeryLarge,250,63.94178144
1301,Small,750,42.25046769
2336,VerySmall,500,56.49246042
1720,Small,750,51.78216633
98,VeryLarge,250,59.24503304
1855,Small,750,43.50347462
1628,Small,750,48.89721253
946,Medium,500,52.20144977
887,Medium,500,53.82704356
1184,Medium,500,58.27172739
1556,Small,750,52.46803326
42,VeryLarge,250,65.04385103
1282,Small,750,55.5580025
752,Medium,500,49.02857634
2063,VerySmall,500,42.51067645
1612,Small,750,47.2817676
1810,Small,750,52.56439092
1192,Medium,500,55.36567592
582,Large,500,58.27451227
1239,Medium,500,54.64238462
232,VeryLarge,250,65.59419557
2050,VerySmall,500,42.37602865
1544,Small,750,49.74181709
2094,VerySmall,500,36.04228839
1454,Small,750,57.83508647
1331,Small,750,48.53228399
2425,VerySmall,500,42.34593823
308,Large,500,47.32715335
2128,VerySmall,500,46.17810041
2058,VerySmall,500,45.08231003
157,VeryLarge,250,64.06535585
1798,Small,750,57.29749351
1160,Medium,500,54.60228577
1576,Small,750,50.67122273
464,Large,500,63.96472665
231,VeryLarge,250,72.35236223
1057,Medium,500,55.36822873
2269,VerySmall,500,54.3470992
1959,Small,750,50.18578746
1579,Small,750,41.83398309
26,VeryLarge,250,59.65413614
1722,Small,750,47.18396805
1740,Small,750,50.11987553
2326,VerySmall,500,42.80199877
1176,Medium,500,53.30805888
1235,Medium,500,44.25760309
1898,Small,750,42.84080618
1010,Medium,500,56.81326695
341,Large,500,54.07574744
1229,Medium,500,52.63584229
403,Large,500,63.97388102
1125,Medium,500,61.69478324
810,Medium,500,48.93191142
1204,Medium,500,55.06459641
1531,Small,750,54.42903341
882,Medium,500,53.04125221
297,Large,500,59.75402479
1068,Medium,500,53.87499212
1203,Medium,500,61.43729664
355,Large,500,58.84898045
592,Large,500,54.06194991
367,Large,500,57.29419658
2257,VerySmall,500,47.71797131
88,VeryLarge,250,65.47564393
588,Large,500,59.77644117
1007,Medium,500,54.6799345
851,Medium,500,50.42831003
1427,Small,750,47.33232225
1035,Medium,500,52.29765074
110,VeryLarge,250,71.88052746
361,Large,500,59.80205431
1910,Small,750,48.61891139
265,Large,500,60.14148457
17,VeryLarge,250,65.75109134
904,Medium,500,57.58316033
779,Medium,500,53.89312216
1734,Small,750,53.56546007
2498,VerySmall,500,42.68163
1988,Small,750,56.38957751
122,VeryLarge,250,61.18355302
1361,Small,750,52.86123523
118,VeryLarge,250,64.60635685
1245,Medium,500,59.04993864
624,Large,500,49.91191309
539,Large,500,59.66595876
1062,Medium,500,49.26810406
1180,Medium,500,57.61840249
751,Medium,500,63.58183847
1077,Medium,500,60.26264326
917,Medium,500,57.74645978
179,VeryLarge,250,68.82768849
1309,Small,750,40.65613912
1182,Medium,500,55.12050477
2317,VerySmall,500,53.81914726
2485,VerySmall,500,48.07563909
921,Medium,500,57.83240605
1185,Medium,500,58.36236547
2018,VerySmall,500,47.38446703
576,Large,500,64.19863236
314,Large,500,59.54597919
365,Large,500,58.79715092
479,Large,500,62.32096647
1958,Small,750,50.51857331
2229,VerySmall,500,58.65737332
337,Large,500,59.05093655
86,VeryLarge,250,62.30409785
4,VeryLarge,250,65.9847674
609,Large,500,58.2481741
713,Large,500,62.78824672
1824,Small,750,47.0274903
705,Large,500,64.12496143
1307,Small,750,49.01745911
1832,Small,750,51.09706862
1685,Small,750,47.09024031
2474,VerySmall,500,47.93403235
2152,VerySmall,500,53.53339042
740,Large,500,56.65711829
1590,Small,750,57.12683218
1334,Small,750,47.31222656
2189,VerySmall,500,50.90638496
2084,VerySmall,500,51.56749989
934,Medium,500,60.69960375
2164,VerySmall,500,52.44561291
1399,Small,750,50.83845094
1815,Small,750,54.87344837
1296,Small,750,54.73995606
1743,Small,750,54.978286
1326,Small,750,52.89896886
2328,VerySmall,500,47.15173198
2181,VerySmall,500,45.38484974
1627,Small,750,48.06721507
2009,VerySmall,500,48.24738877
2228,VerySmall,500,44.08954801
1680,Small,750,51.69249296
2085,VerySmall,500,57.98193913
1950,Small,750,44.69694402
1259,Small,750,46.62312396
545,Large,500,58.98634733
628,Large,500,59.16711705
2165,VerySmall,500,49.95722683
1622,Small,750,55.00348563
2422,VerySmall,500,47.03897694
648,Large,500,56.69231896
2100,VerySmall,500,43.66645524
1768,Small,750,58.18625165
687,Large,500,62.21371906
929,Medium,500,55.62189845
72,VeryLarge,250,70.91371973
1636,Small,750,48.23929666
517,Large,500,52.97640615
307,Large,500,60.30573155
2281,VerySmall,500,58.03225373
627,Large,500,59.73719029
1954,Small,750,50.69476794
571,Large,500,57.14352624
548,Large,500,49.55235855
56,VeryLarge,250,59.37617552
1497,Small,750,42.25488899
1553,Small,750,45.33362136
1076,Medium,500,50.70538318
716,Large,500,58.44590264
541,Large,500,54.98004938
808,Medium,500,50.18482831
1042,Medium,500,68.01816542
132,VeryLarge,250,63.27915408
1190,Medium,500,57.75541276
416,Large,500,53.32790075
1388,Small,750,49.78430204
1443,Small,750,55.27682293
200,VeryLarge,250,69.0125268
204,VeryLarge,250,62.00534597
1790,Small,750,51.16683173
910,Medium,500,53.98248128
1173,Medium,500,61.52428729
1686,Small,750,46.2918786
1472,Small,750,42.54697118
2402,VerySmall,500,52.99180069
1064,Medium,500,54.88592553
1778,Small,750,51.61841983
1441,Small,750,58.4746211
2195,VerySmall,500,55.63417447
725,Large,500,61.86160669
1987,Small,750,47.76671264
46,VeryLarge,250,72.92835765
2324,VerySmall,500,52.66036188
615,Large,500,56.57987379
2183,VerySmall,500,52.52472751
2347,VerySmall,500,52.84228414
163,VeryLarge,250,63.66209592
1572,Small,750,54.60295271
641,Large,500,59.61153748
707,Large,500,57.85758754
919,Medium,500,58.0264145
30,VeryLarge,250,67.54469284
2407,VerySmall,500,46.22289563
16,VeryLarge,250,66.88970997
901,Medium,500,54.47958658
719,Large,500,57.46578085
610,Large,500,66.05912549
748,Large,500,61.38838727
497,Large,500,61.99144849
686,Large,500,62.60660663
1025,Medium,500,59.199475
2235,VerySmall,500,46.6419647
359,Large,500,60.9919488
1034,Medium,500,44.36004884
493,Large,500,60.60984556
143,VeryLarge,250,68.58710242
2463,VerySmall,500,50.8594272
508,Large,500,65.66642441
1274,Small,750,51.01208372
393,Large,500,59.85483785
2308,VerySmall,500,39.29534852
1560,Small,750,45.23093162
1671,Small,750,51.22090574
50,VeryLarge,250,62.17952341
972,Medium,500,53.79900169
1594,Small,750,55.14357264
262,Large,500,59.27147424
1577,Small,750,46.46788884
630,Large,500,57.87290079
1645,Small,750,49.86549174
1643,Small,750,51.27085428
1119,Medium,500,57.7104532
431,Large,500,59.84121917
1633,Small,750,45.50886796
1432,Small,750,58.87362052
196,VeryLarge,250,64.70136259
1765,Small,750,49.02522652
2373,VerySmall,500,45.37253408
1144,Medium,500,55.17927993
542,Large,500,57.80033836
905,Medium,500,55.59805279
1597,Small,750,56.22825019
915,Medium,500,54.72371807
2014,VerySmall,500,58.0005378
194,VeryLarge,250,74.14606547
474,Large,500,53.19797976
1655,Small,750,42.28440091
811,Medium,500,58.59719415
263,Large,500,51.55658224
554,Large,500,56.63651754
1773,Small,750,51.77205459
242,VeryLarge,250,63.01851672
2019,VerySmall,500,53.6951621
2375,VerySmall,500,39.43852902
1555,Small,750,49.6109248
373,Large,500,59.3946683
2490,VerySmall,500,48.61075977
292,Large,500,58.00556112
575,Large,500,53.13214873
1264,Small,750,48.76427297
2071,VerySmall,500,43.95865253
1115,Medium,500,52.09130371
1697,Small,750,60.58027453
145,VeryLarge,250,72.1717727
1523,Small,750,49.03330765
2178,VerySmall,500,39.79407064
1890,Small,750,55.69607583
1817,Small,750,51.44835742
415,Large,500,60.48408558
598,Large,500,59.70003176
1496,Small,750,52.78564421
711,Large,500,60.33525552
2482,VerySmall,500,44.36313088
1453,Small,750,61.32792527
2077,VerySmall,500,49.05876678
1779,Small,750,53.78230532
695,Large,500,57.15076065
2201,VerySmall,500,48.18780808
82,VeryLarge,250,66.60444668
2363,VerySmall,500,46.98907021
423,Large,500,62.38046185
1070,Medium,500,51.87814974
2078,VerySmall,500,47.89554226
456,Large,500,57.2441004
1756,Small,750,41.56171792
48,VeryLarge,250,60.28388509
1457,Small,750,40.44894879
572,Large,500,75.27578358
1924,Small,750,39.57853583
2030,VerySmall,500,55.21576399
1923,Small,750,52.51883774
944,Medium,500,57.54709755
434,Large,500,58.66699279
1237,Medium,500,62.31403883
439,Large,500,52.29757575
2140,VerySmall,500,46.82273097
1459,Small,750,44.31583292
749,Large,500,56.16978079
2221,VerySmall,500,44.47288929
2340,VerySmall,500,49.14755806
928,Medium,500,52.02936951
877,Medium,500,55.70355079
766,Medium,500,60.13870553
1209,Medium,500,50.32589569
2361,VerySmall,500,43.26062954
1993,Small,750,51.54726484
712,Large,500,56.81298633
553,Large,500,58.33618009
300,Large,500,60.92209157
1629,Small,750,58.14271413
448,Large,500,60.73446907
826,Medium,500,50.79785708
817,Medium,500,52.59710241
789,Medium,500,55.56510095
2161,VerySmall,500,47.39929132
172,VeryLarge,250,64.96736537
432,Large,500,61.6962518
1662,Small,750,53.07756372
678,Large,500,59.1761951
839,Medium,500,52.80508524
1705,Small,750,47.35649216
980,Medium,500,49.10349814
1323,Small,750,59.1434818
2131,VerySmall,500,52.72078724
233,VeryLarge,250,67.48133518
2395,VerySmall,500,53.09577881
1392,Small,750,54.67670744
2460,VerySmall,500,50.38693531
515,Large,500,52.94869311
1907,Small,750,53.73915179
269,Large,500,62.12306349
